Date,Item,Demand
01-01-2019 00:00,Item 1,326
02-01-2019 00:00,Item 1,328
03-01-2019 00:00,Item 1,316
04-01-2019 00:00,Item 1,400
05-01-2019 00:00,Item 1,410
06-01-2019 00:00,Item 1,398
07-01-2019 00:00,Item 1,430
08-01-2019 00:00,Item 1,330
09-01-2019 00:00,Item 1,315
10-01-2019 00:00,Item 1,371
11-01-2019 00:00,Item 1,385
12-01-2019 00:00,Item 1,310
13-01-2019 00:00,Item 1,379
14-01-2019 00:00,Item 1,321
15-01-2019 00:00,Item 1,311
16-01-2019 00:00,Item 1,407
17-01-2019 00:00,Item 1,365
18-01-2019 00:00,Item 1,368
19-01-2019 00:00,Item 1,354
20-01-2019 00:00,Item 1,289
21-01-2019 00:00,Item 1,283
22-01-2019 00:00,Item 1,381
23-01-2019 00:00,Item 1,375
24-01-2019 00:00,Item 1,356
25-01-2019 00:00,Item 1,387
26-01-2019 00:00,Item 1,346
27-01-2019 00:00,Item 1,327
28-01-2019 00:00,Item 1,311
29-01-2019 00:00,Item 1,363
30-01-2019 00:00,Item 1,414
31-01-2019 00:00,Item 1,373
01-02-2019 00:00,Item 1,357
02-02-2019 00:00,Item 1,306
03-02-2019 00:00,Item 1,280
04-02-2019 00:00,Item 1,352
05-02-2019 00:00,Item 1,319
06-02-2019 00:00,Item 1,364
07-02-2019 00:00,Item 1,448
08-02-2019 00:00,Item 1,349
09-02-2019 00:00,Item 1,348
10-02-2019 00:00,Item 1,357
11-02-2019 00:00,Item 1,388
12-02-2019 00:00,Item 1,363
13-02-2019 00:00,Item 1,454
14-02-2019 00:00,Item 1,355
15-02-2019 00:00,Item 1,387
16-02-2019 00:00,Item 1,424
17-02-2019 00:00,Item 1,417
18-02-2019 00:00,Item 1,263
19-02-2019 00:00,Item 1,376
20-02-2019 00:00,Item 1,365
21-02-2019 00:00,Item 1,365
22-02-2019 00:00,Item 1,350
23-02-2019 00:00,Item 1,316
24-02-2019 00:00,Item 1,402
25-02-2019 00:00,Item 1,365
26-02-2019 00:00,Item 1,312
27-02-2019 00:00,Item 1,356
28-02-2019 00:00,Item 1,309
01-03-2019 00:00,Item 1,381
02-03-2019 00:00,Item 1,324
03-03-2019 00:00,Item 1,393
04-03-2019 00:00,Item 1,406
05-03-2019 00:00,Item 1,272
06-03-2019 00:00,Item 1,366
07-03-2019 00:00,Item 1,291
08-03-2019 00:00,Item 1,400
09-03-2019 00:00,Item 1,436
10-03-2019 00:00,Item 1,379
11-03-2019 00:00,Item 1,336
12-03-2019 00:00,Item 1,386
13-03-2019 00:00,Item 1,454
14-03-2019 00:00,Item 1,305
15-03-2019 00:00,Item 1,357
16-03-2019 00:00,Item 1,333
17-03-2019 00:00,Item 1,320
18-03-2019 00:00,Item 1,347
19-03-2019 00:00,Item 1,322
20-03-2019 00:00,Item 1,447
21-03-2019 00:00,Item 1,475
22-03-2019 00:00,Item 1,372
23-03-2019 00:00,Item 1,337
24-03-2019 00:00,Item 1,386
25-03-2019 00:00,Item 1,272
26-03-2019 00:00,Item 1,281
27-03-2019 00:00,Item 1,289
28-03-2019 00:00,Item 1,311
29-03-2019 00:00,Item 1,354
30-03-2019 00:00,Item 1,304
31-03-2019 00:00,Item 1,395
01-04-2019 00:00,Item 1,307
02-04-2019 00:00,Item 1,316
03-04-2019 00:00,Item 1,363
04-04-2019 00:00,Item 1,350
05-04-2019 00:00,Item 1,334
06-04-2019 00:00,Item 1,292
07-04-2019 00:00,Item 1,292
08-04-2019 00:00,Item 1,215
09-04-2019 00:00,Item 1,338
10-04-2019 00:00,Item 1,315
11-04-2019 00:00,Item 1,366
12-04-2019 00:00,Item 1,313
13-04-2019 00:00,Item 1,389
14-04-2019 00:00,Item 1,366
15-04-2019 00:00,Item 1,353
16-04-2019 00:00,Item 1,300
17-04-2019 00:00,Item 1,350
18-04-2019 00:00,Item 1,297
19-04-2019 00:00,Item 1,338
20-04-2019 00:00,Item 1,427
21-04-2019 00:00,Item 1,335
22-04-2019 00:00,Item 1,299
23-04-2019 00:00,Item 1,299
24-04-2019 00:00,Item 1,314
25-04-2019 00:00,Item 1,347
26-04-2019 00:00,Item 1,385
27-04-2019 00:00,Item 1,453
28-04-2019 00:00,Item 1,427
29-04-2019 00:00,Item 1,360
30-04-2019 00:00,Item 1,299
01-05-2019 00:00,Item 1,409
02-05-2019 00:00,Item 1,527
03-05-2019 00:00,Item 1,549
04-05-2019 00:00,Item 1,398
05-05-2019 00:00,Item 1,392
06-05-2019 00:00,Item 1,434
07-05-2019 00:00,Item 1,441
08-05-2019 00:00,Item 1,368
09-05-2019 00:00,Item 1,540
10-05-2019 00:00,Item 1,499
11-05-2019 00:00,Item 1,458
12-05-2019 00:00,Item 1,501
13-05-2019 00:00,Item 1,494
14-05-2019 00:00,Item 1,511
15-05-2019 00:00,Item 1,589
16-05-2019 00:00,Item 1,432
17-05-2019 00:00,Item 1,396
18-05-2019 00:00,Item 1,479
19-05-2019 00:00,Item 1,491
20-05-2019 00:00,Item 1,365
21-05-2019 00:00,Item 1,438
22-05-2019 00:00,Item 1,390
23-05-2019 00:00,Item 1,336
24-05-2019 00:00,Item 1,523
25-05-2019 00:00,Item 1,368
26-05-2019 00:00,Item 1,362
27-05-2019 00:00,Item 1,394
28-05-2019 00:00,Item 1,483
29-05-2019 00:00,Item 1,407
30-05-2019 00:00,Item 1,483
31-05-2019 00:00,Item 1,528
01-06-2019 00:00,Item 1,471
02-06-2019 00:00,Item 1,433
03-06-2019 00:00,Item 1,599
04-06-2019 00:00,Item 1,357
05-06-2019 00:00,Item 1,390
06-06-2019 00:00,Item 1,564
07-06-2019 00:00,Item 1,511
08-06-2019 00:00,Item 1,437
09-06-2019 00:00,Item 1,426
10-06-2019 00:00,Item 1,405
11-06-2019 00:00,Item 1,470
12-06-2019 00:00,Item 1,325
13-06-2019 00:00,Item 1,409
14-06-2019 00:00,Item 1,430
15-06-2019 00:00,Item 1,451
16-06-2019 00:00,Item 1,451
17-06-2019 00:00,Item 1,328
18-06-2019 00:00,Item 1,433
19-06-2019 00:00,Item 1,521
20-06-2019 00:00,Item 1,544
21-06-2019 00:00,Item 1,420
22-06-2019 00:00,Item 1,491
23-06-2019 00:00,Item 1,477
24-06-2019 00:00,Item 1,471
25-06-2019 00:00,Item 1,416
26-06-2019 00:00,Item 1,380
27-06-2019 00:00,Item 1,499
28-06-2019 00:00,Item 1,434
29-06-2019 00:00,Item 1,435
30-06-2019 00:00,Item 1,417
01-07-2019 00:00,Item 1,356
02-07-2019 00:00,Item 1,487
03-07-2019 00:00,Item 1,477
04-07-2019 00:00,Item 1,645
05-07-2019 00:00,Item 1,399
06-07-2019 00:00,Item 1,473
07-07-2019 00:00,Item 1,489
08-07-2019 00:00,Item 1,506
09-07-2019 00:00,Item 1,518
10-07-2019 00:00,Item 1,456
11-07-2019 00:00,Item 1,496
12-07-2019 00:00,Item 1,542
13-07-2019 00:00,Item 1,454
14-07-2019 00:00,Item 1,482
15-07-2019 00:00,Item 1,457
16-07-2019 00:00,Item 1,454
17-07-2019 00:00,Item 1,422
18-07-2019 00:00,Item 1,442
19-07-2019 00:00,Item 1,437
20-07-2019 00:00,Item 1,405
21-07-2019 00:00,Item 1,523
22-07-2019 00:00,Item 1,304
23-07-2019 00:00,Item 1,573
24-07-2019 00:00,Item 1,461
25-07-2019 00:00,Item 1,497
26-07-2019 00:00,Item 1,424
27-07-2019 00:00,Item 1,404
28-07-2019 00:00,Item 1,515
29-07-2019 00:00,Item 1,411
30-07-2019 00:00,Item 1,500
31-07-2019 00:00,Item 1,413
01-08-2019 00:00,Item 1,578
02-08-2019 00:00,Item 1,558
03-08-2019 00:00,Item 1,403
04-08-2019 00:00,Item 1,386
05-08-2019 00:00,Item 1,535
06-08-2019 00:00,Item 1,461
07-08-2019 00:00,Item 1,328
08-08-2019 00:00,Item 1,467
09-08-2019 00:00,Item 1,615
10-08-2019 00:00,Item 1,475
11-08-2019 00:00,Item 1,523
12-08-2019 00:00,Item 1,388
13-08-2019 00:00,Item 1,489
14-08-2019 00:00,Item 1,476
15-08-2019 00:00,Item 1,430
16-08-2019 00:00,Item 1,438
17-08-2019 00:00,Item 1,507
18-08-2019 00:00,Item 1,365
19-08-2019 00:00,Item 1,458
20-08-2019 00:00,Item 1,463
21-08-2019 00:00,Item 1,360
22-08-2019 00:00,Item 1,384
23-08-2019 00:00,Item 1,331
24-08-2019 00:00,Item 1,502
25-08-2019 00:00,Item 1,468
26-08-2019 00:00,Item 1,482
27-08-2019 00:00,Item 1,402
28-08-2019 00:00,Item 1,454
29-08-2019 00:00,Item 1,394
30-08-2019 00:00,Item 1,466
31-08-2019 00:00,Item 1,388
01-09-2019 00:00,Item 1,480
02-09-2019 00:00,Item 1,431
03-09-2019 00:00,Item 1,473
04-09-2019 00:00,Item 1,548
05-09-2019 00:00,Item 1,505
06-09-2019 00:00,Item 1,475
07-09-2019 00:00,Item 1,435
08-09-2019 00:00,Item 1,468
09-09-2019 00:00,Item 1,521
10-09-2019 00:00,Item 1,377
11-09-2019 00:00,Item 1,428
12-09-2019 00:00,Item 1,421
13-09-2019 00:00,Item 1,577
14-09-2019 00:00,Item 1,348
15-09-2019 00:00,Item 1,476
16-09-2019 00:00,Item 1,474
17-09-2019 00:00,Item 1,475
18-09-2019 00:00,Item 1,533
19-09-2019 00:00,Item 1,340
20-09-2019 00:00,Item 1,483
21-09-2019 00:00,Item 1,447
22-09-2019 00:00,Item 1,498
23-09-2019 00:00,Item 1,449
24-09-2019 00:00,Item 1,391
25-09-2019 00:00,Item 1,541
26-09-2019 00:00,Item 1,427
27-09-2019 00:00,Item 1,547
28-09-2019 00:00,Item 1,451
29-09-2019 00:00,Item 1,418
30-09-2019 00:00,Item 1,503
01-10-2019 00:00,Item 1,353
02-10-2019 00:00,Item 1,353
03-10-2019 00:00,Item 1,330
04-10-2019 00:00,Item 1,392
05-10-2019 00:00,Item 1,302
06-10-2019 00:00,Item 1,286
07-10-2019 00:00,Item 1,274
08-10-2019 00:00,Item 1,385
09-10-2019 00:00,Item 1,304
10-10-2019 00:00,Item 1,364
11-10-2019 00:00,Item 1,366
12-10-2019 00:00,Item 1,290
13-10-2019 00:00,Item 1,280
14-10-2019 00:00,Item 1,350
15-10-2019 00:00,Item 1,349
16-10-2019 00:00,Item 1,313
17-10-2019 00:00,Item 1,286
18-10-2019 00:00,Item 1,256
19-10-2019 00:00,Item 1,364
20-10-2019 00:00,Item 1,252
21-10-2019 00:00,Item 1,234
22-10-2019 00:00,Item 1,338
23-10-2019 00:00,Item 1,287
24-10-2019 00:00,Item 1,333
25-10-2019 00:00,Item 1,324
26-10-2019 00:00,Item 1,318
27-10-2019 00:00,Item 1,268
28-10-2019 00:00,Item 1,280
29-10-2019 00:00,Item 1,254
30-10-2019 00:00,Item 1,327
31-10-2019 00:00,Item 1,343
01-11-2019 00:00,Item 1,315
02-11-2019 00:00,Item 1,313
03-11-2019 00:00,Item 1,292
04-11-2019 00:00,Item 1,295
05-11-2019 00:00,Item 1,220
06-11-2019 00:00,Item 1,296
07-11-2019 00:00,Item 1,404
08-11-2019 00:00,Item 1,427
09-11-2019 00:00,Item 1,288
10-11-2019 00:00,Item 1,345
11-11-2019 00:00,Item 1,339
12-11-2019 00:00,Item 1,269
13-11-2019 00:00,Item 1,313
14-11-2019 00:00,Item 1,331
15-11-2019 00:00,Item 1,388
16-11-2019 00:00,Item 1,306
17-11-2019 00:00,Item 1,402
18-11-2019 00:00,Item 1,340
19-11-2019 00:00,Item 1,267
20-11-2019 00:00,Item 1,432
21-11-2019 00:00,Item 1,350
22-11-2019 00:00,Item 1,207
23-11-2019 00:00,Item 1,311
24-11-2019 00:00,Item 1,259
25-11-2019 00:00,Item 1,338
26-11-2019 00:00,Item 1,277
27-11-2019 00:00,Item 1,396
28-11-2019 00:00,Item 1,323
29-11-2019 00:00,Item 1,316
30-11-2019 00:00,Item 1,340
01-12-2019 00:00,Item 1,332
02-12-2019 00:00,Item 1,344
03-12-2019 00:00,Item 1,232
04-12-2019 00:00,Item 1,349
05-12-2019 00:00,Item 1,339
06-12-2019 00:00,Item 1,227
07-12-2019 00:00,Item 1,360
08-12-2019 00:00,Item 1,336
09-12-2019 00:00,Item 1,391
10-12-2019 00:00,Item 1,377
11-12-2019 00:00,Item 1,301
12-12-2019 00:00,Item 1,327
13-12-2019 00:00,Item 1,284
14-12-2019 00:00,Item 1,220
15-12-2019 00:00,Item 1,409
16-12-2019 00:00,Item 1,347
17-12-2019 00:00,Item 1,237
18-12-2019 00:00,Item 1,415
19-12-2019 00:00,Item 1,325
20-12-2019 00:00,Item 1,347
21-12-2019 00:00,Item 1,279
22-12-2019 00:00,Item 1,331
23-12-2019 00:00,Item 1,251
24-12-2019 00:00,Item 1,260
25-12-2019 00:00,Item 1,322
26-12-2019 00:00,Item 1,312
27-12-2019 00:00,Item 1,333
28-12-2019 00:00,Item 1,240
29-12-2019 00:00,Item 1,290
30-12-2019 00:00,Item 1,325
31-12-2019 00:00,Item 1,280
01-01-2020 00:00,Item 1,677
02-01-2020 00:00,Item 1,583
03-01-2020 00:00,Item 1,568
04-01-2020 00:00,Item 1,655
05-01-2020 00:00,Item 1,591
06-01-2020 00:00,Item 1,470
07-01-2020 00:00,Item 1,483
08-01-2020 00:00,Item 1,606
09-01-2020 00:00,Item 1,647
10-01-2020 00:00,Item 1,594
11-01-2020 00:00,Item 1,437
12-01-2020 00:00,Item 1,559
13-01-2020 00:00,Item 1,649
14-01-2020 00:00,Item 1,522
15-01-2020 00:00,Item 1,580
16-01-2020 00:00,Item 1,446
17-01-2020 00:00,Item 1,619
18-01-2020 00:00,Item 1,620
19-01-2020 00:00,Item 1,598
20-01-2020 00:00,Item 1,443
21-01-2020 00:00,Item 1,538
22-01-2020 00:00,Item 1,667
23-01-2020 00:00,Item 1,528
24-01-2020 00:00,Item 1,522
25-01-2020 00:00,Item 1,607
26-01-2020 00:00,Item 1,606
27-01-2020 00:00,Item 1,549
28-01-2020 00:00,Item 1,563
29-01-2020 00:00,Item 1,549
30-01-2020 00:00,Item 1,607
31-01-2020 00:00,Item 1,553
01-02-2020 00:00,Item 1,713
02-02-2020 00:00,Item 1,640
03-02-2020 00:00,Item 1,590
04-02-2020 00:00,Item 1,587
05-02-2020 00:00,Item 1,575
06-02-2020 00:00,Item 1,512
07-02-2020 00:00,Item 1,640
08-02-2020 00:00,Item 1,582
09-02-2020 00:00,Item 1,642
10-02-2020 00:00,Item 1,621
11-02-2020 00:00,Item 1,506
12-02-2020 00:00,Item 1,425
13-02-2020 00:00,Item 1,538
14-02-2020 00:00,Item 1,479
15-02-2020 00:00,Item 1,727
16-02-2020 00:00,Item 1,385
17-02-2020 00:00,Item 1,477
18-02-2020 00:00,Item 1,536
19-02-2020 00:00,Item 1,465
20-02-2020 00:00,Item 1,648
21-02-2020 00:00,Item 1,712
22-02-2020 00:00,Item 1,572
23-02-2020 00:00,Item 1,672
24-02-2020 00:00,Item 1,580
25-02-2020 00:00,Item 1,644
26-02-2020 00:00,Item 1,538
27-02-2020 00:00,Item 1,371
28-02-2020 00:00,Item 1,628
29-02-2020 00:00,Item 1,564
01-03-2020 00:00,Item 1,395
02-03-2020 00:00,Item 1,608
03-03-2020 00:00,Item 1,723
04-03-2020 00:00,Item 1,668
05-03-2020 00:00,Item 1,573
06-03-2020 00:00,Item 1,563
07-03-2020 00:00,Item 1,594
08-03-2020 00:00,Item 1,487
09-03-2020 00:00,Item 1,412
10-03-2020 00:00,Item 1,554
11-03-2020 00:00,Item 1,641
12-03-2020 00:00,Item 1,659
13-03-2020 00:00,Item 1,535
14-03-2020 00:00,Item 1,569
15-03-2020 00:00,Item 1,707
16-03-2020 00:00,Item 1,568
17-03-2020 00:00,Item 1,693
18-03-2020 00:00,Item 1,484
19-03-2020 00:00,Item 1,620
20-03-2020 00:00,Item 1,584
21-03-2020 00:00,Item 1,757
22-03-2020 00:00,Item 1,522
23-03-2020 00:00,Item 1,586
24-03-2020 00:00,Item 1,624
25-03-2020 00:00,Item 1,519
26-03-2020 00:00,Item 1,508
27-03-2020 00:00,Item 1,587
28-03-2020 00:00,Item 1,507
29-03-2020 00:00,Item 1,612
30-03-2020 00:00,Item 1,368
31-03-2020 00:00,Item 1,614
01-04-2020 00:00,Item 1,521
02-04-2020 00:00,Item 1,577
03-04-2020 00:00,Item 1,583
04-04-2020 00:00,Item 1,721
05-04-2020 00:00,Item 1,495
06-04-2020 00:00,Item 1,635
07-04-2020 00:00,Item 1,680
08-04-2020 00:00,Item 1,647
09-04-2020 00:00,Item 1,776
10-04-2020 00:00,Item 1,678
11-04-2020 00:00,Item 1,603
12-04-2020 00:00,Item 1,542
13-04-2020 00:00,Item 1,789
14-04-2020 00:00,Item 1,659
15-04-2020 00:00,Item 1,584
16-04-2020 00:00,Item 1,580
17-04-2020 00:00,Item 1,538
18-04-2020 00:00,Item 1,592
19-04-2020 00:00,Item 1,662
20-04-2020 00:00,Item 1,476
21-04-2020 00:00,Item 1,626
22-04-2020 00:00,Item 1,548
23-04-2020 00:00,Item 1,700
24-04-2020 00:00,Item 1,565
25-04-2020 00:00,Item 1,607
26-04-2020 00:00,Item 1,542
27-04-2020 00:00,Item 1,444
28-04-2020 00:00,Item 1,700
29-04-2020 00:00,Item 1,630
30-04-2020 00:00,Item 1,745
01-05-2020 00:00,Item 1,484
02-05-2020 00:00,Item 1,643
03-05-2020 00:00,Item 1,715
04-05-2020 00:00,Item 1,608
05-05-2020 00:00,Item 1,427
06-05-2020 00:00,Item 1,554
07-05-2020 00:00,Item 1,462
08-05-2020 00:00,Item 1,565
09-05-2020 00:00,Item 1,593
10-05-2020 00:00,Item 1,718
11-05-2020 00:00,Item 1,500
12-05-2020 00:00,Item 1,742
13-05-2020 00:00,Item 1,640
14-05-2020 00:00,Item 1,606
15-05-2020 00:00,Item 1,494
16-05-2020 00:00,Item 1,652
17-05-2020 00:00,Item 1,522
18-05-2020 00:00,Item 1,708
19-05-2020 00:00,Item 1,544
20-05-2020 00:00,Item 1,753
21-05-2020 00:00,Item 1,722
22-05-2020 00:00,Item 1,710
23-05-2020 00:00,Item 1,413
24-05-2020 00:00,Item 1,808
25-05-2020 00:00,Item 1,711
26-05-2020 00:00,Item 1,590
27-05-2020 00:00,Item 1,675
28-05-2020 00:00,Item 1,734
29-05-2020 00:00,Item 1,750
30-05-2020 00:00,Item 1,610
31-05-2020 00:00,Item 1,655
01-06-2020 00:00,Item 1,486
02-06-2020 00:00,Item 1,576
03-06-2020 00:00,Item 1,424
04-06-2020 00:00,Item 1,681
05-06-2020 00:00,Item 1,644
06-06-2020 00:00,Item 1,560
07-06-2020 00:00,Item 1,662
08-06-2020 00:00,Item 1,507
09-06-2020 00:00,Item 1,562
10-06-2020 00:00,Item 1,574
11-06-2020 00:00,Item 1,591
12-06-2020 00:00,Item 1,632
13-06-2020 00:00,Item 1,587
14-06-2020 00:00,Item 1,662
15-06-2020 00:00,Item 1,636
16-06-2020 00:00,Item 1,722
17-06-2020 00:00,Item 1,514
18-06-2020 00:00,Item 1,468
19-06-2020 00:00,Item 1,624
20-06-2020 00:00,Item 1,493
21-06-2020 00:00,Item 1,511
22-06-2020 00:00,Item 1,498
23-06-2020 00:00,Item 1,517
24-06-2020 00:00,Item 1,561
25-06-2020 00:00,Item 1,538
26-06-2020 00:00,Item 1,672
27-06-2020 00:00,Item 1,656
28-06-2020 00:00,Item 1,618
29-06-2020 00:00,Item 1,637
30-06-2020 00:00,Item 1,560
01-07-2020 00:00,Item 1,475
02-07-2020 00:00,Item 1,419
03-07-2020 00:00,Item 1,586
04-07-2020 00:00,Item 1,565
05-07-2020 00:00,Item 1,604
06-07-2020 00:00,Item 1,410
07-07-2020 00:00,Item 1,457
08-07-2020 00:00,Item 1,539
09-07-2020 00:00,Item 1,541
10-07-2020 00:00,Item 1,528
11-07-2020 00:00,Item 1,634
12-07-2020 00:00,Item 1,697
13-07-2020 00:00,Item 1,725
14-07-2020 00:00,Item 1,751
15-07-2020 00:00,Item 1,612
16-07-2020 00:00,Item 1,490
17-07-2020 00:00,Item 1,632
18-07-2020 00:00,Item 1,666
19-07-2020 00:00,Item 1,692
20-07-2020 00:00,Item 1,592
21-07-2020 00:00,Item 1,532
22-07-2020 00:00,Item 1,521
23-07-2020 00:00,Item 1,625
24-07-2020 00:00,Item 1,587
01-01-2019 00:00,Item 2,973
02-01-2019 00:00,Item 2,938
03-01-2019 00:00,Item 2,955
04-01-2019 00:00,Item 2,768
05-01-2019 00:00,Item 2,799
06-01-2019 00:00,Item 2,861
07-01-2019 00:00,Item 2,893
08-01-2019 00:00,Item 2,813
09-01-2019 00:00,Item 2,963
10-01-2019 00:00,Item 2,964
11-01-2019 00:00,Item 2,1015
12-01-2019 00:00,Item 2,924
13-01-2019 00:00,Item 2,851
14-01-2019 00:00,Item 2,808
15-01-2019 00:00,Item 2,826
16-01-2019 00:00,Item 2,897
17-01-2019 00:00,Item 2,860
18-01-2019 00:00,Item 2,846
19-01-2019 00:00,Item 2,956
20-01-2019 00:00,Item 2,662
21-01-2019 00:00,Item 2,1064
22-01-2019 00:00,Item 2,638
23-01-2019 00:00,Item 2,882
24-01-2019 00:00,Item 2,985
25-01-2019 00:00,Item 2,1113
26-01-2019 00:00,Item 2,857
27-01-2019 00:00,Item 2,915
28-01-2019 00:00,Item 2,837
29-01-2019 00:00,Item 2,981
30-01-2019 00:00,Item 2,970
31-01-2019 00:00,Item 2,840
01-02-2019 00:00,Item 2,808
02-02-2019 00:00,Item 2,1045
03-02-2019 00:00,Item 2,761
04-02-2019 00:00,Item 2,675
05-02-2019 00:00,Item 2,899
06-02-2019 00:00,Item 2,703
07-02-2019 00:00,Item 2,976
08-02-2019 00:00,Item 2,930
09-02-2019 00:00,Item 2,867
10-02-2019 00:00,Item 2,970
11-02-2019 00:00,Item 2,981
12-02-2019 00:00,Item 2,961
13-02-2019 00:00,Item 2,719
14-02-2019 00:00,Item 2,909
15-02-2019 00:00,Item 2,952
16-02-2019 00:00,Item 2,844
17-02-2019 00:00,Item 2,1041
18-02-2019 00:00,Item 2,877
19-02-2019 00:00,Item 2,874
20-02-2019 00:00,Item 2,874
21-02-2019 00:00,Item 2,847
22-02-2019 00:00,Item 2,970
23-02-2019 00:00,Item 2,899
24-02-2019 00:00,Item 2,806
25-02-2019 00:00,Item 2,864
26-02-2019 00:00,Item 2,883
27-02-2019 00:00,Item 2,723
28-02-2019 00:00,Item 2,859
01-03-2019 00:00,Item 2,896
02-03-2019 00:00,Item 2,930
03-03-2019 00:00,Item 2,782
04-03-2019 00:00,Item 2,960
05-03-2019 00:00,Item 2,907
06-03-2019 00:00,Item 2,503
07-03-2019 00:00,Item 2,824
08-03-2019 00:00,Item 2,816
09-03-2019 00:00,Item 2,851
10-03-2019 00:00,Item 2,783
11-03-2019 00:00,Item 2,998
12-03-2019 00:00,Item 2,896
13-03-2019 00:00,Item 2,997
14-03-2019 00:00,Item 2,817
15-03-2019 00:00,Item 2,888
16-03-2019 00:00,Item 2,969
17-03-2019 00:00,Item 2,769
18-03-2019 00:00,Item 2,924
19-03-2019 00:00,Item 2,960
20-03-2019 00:00,Item 2,1262
21-03-2019 00:00,Item 2,858
22-03-2019 00:00,Item 2,714
23-03-2019 00:00,Item 2,794
24-03-2019 00:00,Item 2,804
25-03-2019 00:00,Item 2,934
26-03-2019 00:00,Item 2,827
27-03-2019 00:00,Item 2,900
28-03-2019 00:00,Item 2,922
29-03-2019 00:00,Item 2,849
30-03-2019 00:00,Item 2,857
31-03-2019 00:00,Item 2,1022
01-04-2019 00:00,Item 2,724
02-04-2019 00:00,Item 2,819
03-04-2019 00:00,Item 2,776
04-04-2019 00:00,Item 2,814
05-04-2019 00:00,Item 2,902
06-04-2019 00:00,Item 2,648
07-04-2019 00:00,Item 2,849
08-04-2019 00:00,Item 2,1163
09-04-2019 00:00,Item 2,842
10-04-2019 00:00,Item 2,955
11-04-2019 00:00,Item 2,727
12-04-2019 00:00,Item 2,899
13-04-2019 00:00,Item 2,877
14-04-2019 00:00,Item 2,1148
15-04-2019 00:00,Item 2,795
16-04-2019 00:00,Item 2,615
17-04-2019 00:00,Item 2,963
18-04-2019 00:00,Item 2,895
19-04-2019 00:00,Item 2,1063
20-04-2019 00:00,Item 2,924
21-04-2019 00:00,Item 2,839
22-04-2019 00:00,Item 2,749
23-04-2019 00:00,Item 2,805
24-04-2019 00:00,Item 2,810
25-04-2019 00:00,Item 2,892
26-04-2019 00:00,Item 2,908
27-04-2019 00:00,Item 2,873
28-04-2019 00:00,Item 2,928
29-04-2019 00:00,Item 2,1035
30-04-2019 00:00,Item 2,763
01-05-2019 00:00,Item 2,1003
02-05-2019 00:00,Item 2,1072
03-05-2019 00:00,Item 2,1190
04-05-2019 00:00,Item 2,1243
05-05-2019 00:00,Item 2,1115
06-05-2019 00:00,Item 2,1458
07-05-2019 00:00,Item 2,957
08-05-2019 00:00,Item 2,1371
09-05-2019 00:00,Item 2,1095
10-05-2019 00:00,Item 2,1339
11-05-2019 00:00,Item 2,1370
12-05-2019 00:00,Item 2,1307
13-05-2019 00:00,Item 2,1168
14-05-2019 00:00,Item 2,803
15-05-2019 00:00,Item 2,1358
16-05-2019 00:00,Item 2,1277
17-05-2019 00:00,Item 2,1126
18-05-2019 00:00,Item 2,1155
19-05-2019 00:00,Item 2,1444
20-05-2019 00:00,Item 2,1137
21-05-2019 00:00,Item 2,959
22-05-2019 00:00,Item 2,1214
23-05-2019 00:00,Item 2,1229
24-05-2019 00:00,Item 2,896
25-05-2019 00:00,Item 2,1310
26-05-2019 00:00,Item 2,822
27-05-2019 00:00,Item 2,889
28-05-2019 00:00,Item 2,1129
29-05-2019 00:00,Item 2,920
30-05-2019 00:00,Item 2,1137
31-05-2019 00:00,Item 2,1087
01-06-2019 00:00,Item 2,1284
02-06-2019 00:00,Item 2,1506
03-06-2019 00:00,Item 2,1318
04-06-2019 00:00,Item 2,1059
05-06-2019 00:00,Item 2,1134
06-06-2019 00:00,Item 2,913
07-06-2019 00:00,Item 2,1301
08-06-2019 00:00,Item 2,956
09-06-2019 00:00,Item 2,1029
10-06-2019 00:00,Item 2,983
11-06-2019 00:00,Item 2,1250
12-06-2019 00:00,Item 2,1013
13-06-2019 00:00,Item 2,1077
14-06-2019 00:00,Item 2,1202
15-06-2019 00:00,Item 2,939
16-06-2019 00:00,Item 2,1231
17-06-2019 00:00,Item 2,1196
18-06-2019 00:00,Item 2,1196
19-06-2019 00:00,Item 2,1048
20-06-2019 00:00,Item 2,1005
21-06-2019 00:00,Item 2,1053
22-06-2019 00:00,Item 2,1536
23-06-2019 00:00,Item 2,948
24-06-2019 00:00,Item 2,1210
25-06-2019 00:00,Item 2,1034
26-06-2019 00:00,Item 2,1149
27-06-2019 00:00,Item 2,1010
28-06-2019 00:00,Item 2,1287
29-06-2019 00:00,Item 2,981
30-06-2019 00:00,Item 2,1419
01-07-2019 00:00,Item 2,1067
02-07-2019 00:00,Item 2,943
03-07-2019 00:00,Item 2,1168
04-07-2019 00:00,Item 2,1391
05-07-2019 00:00,Item 2,1048
06-07-2019 00:00,Item 2,1195
07-07-2019 00:00,Item 2,1193
08-07-2019 00:00,Item 2,1139
09-07-2019 00:00,Item 2,953
10-07-2019 00:00,Item 2,1133
11-07-2019 00:00,Item 2,1179
12-07-2019 00:00,Item 2,1621
13-07-2019 00:00,Item 2,1064
14-07-2019 00:00,Item 2,1203
15-07-2019 00:00,Item 2,1271
16-07-2019 00:00,Item 2,798
17-07-2019 00:00,Item 2,1101
18-07-2019 00:00,Item 2,1002
19-07-2019 00:00,Item 2,1109
20-07-2019 00:00,Item 2,1029
21-07-2019 00:00,Item 2,1263
22-07-2019 00:00,Item 2,887
23-07-2019 00:00,Item 2,1192
24-07-2019 00:00,Item 2,1115
25-07-2019 00:00,Item 2,1094
26-07-2019 00:00,Item 2,1301
27-07-2019 00:00,Item 2,982
28-07-2019 00:00,Item 2,1013
29-07-2019 00:00,Item 2,1250
30-07-2019 00:00,Item 2,1065
31-07-2019 00:00,Item 2,1142
01-08-2019 00:00,Item 2,1228
02-08-2019 00:00,Item 2,1078
03-08-2019 00:00,Item 2,928
04-08-2019 00:00,Item 2,1250
05-08-2019 00:00,Item 2,992
06-08-2019 00:00,Item 2,1140
07-08-2019 00:00,Item 2,1028
08-08-2019 00:00,Item 2,1348
09-08-2019 00:00,Item 2,1180
10-08-2019 00:00,Item 2,1466
11-08-2019 00:00,Item 2,1153
12-08-2019 00:00,Item 2,955
13-08-2019 00:00,Item 2,1337
14-08-2019 00:00,Item 2,1127
15-08-2019 00:00,Item 2,1328
16-08-2019 00:00,Item 2,1050
17-08-2019 00:00,Item 2,1212
18-08-2019 00:00,Item 2,870
19-08-2019 00:00,Item 2,1328
20-08-2019 00:00,Item 2,1309
21-08-2019 00:00,Item 2,1074
22-08-2019 00:00,Item 2,1299
23-08-2019 00:00,Item 2,858
24-08-2019 00:00,Item 2,1144
25-08-2019 00:00,Item 2,944
26-08-2019 00:00,Item 2,978
27-08-2019 00:00,Item 2,869
28-08-2019 00:00,Item 2,1471
29-08-2019 00:00,Item 2,953
30-08-2019 00:00,Item 2,1058
31-08-2019 00:00,Item 2,985
01-09-2019 00:00,Item 2,1149
02-09-2019 00:00,Item 2,1382
03-09-2019 00:00,Item 2,1281
04-09-2019 00:00,Item 2,1007
05-09-2019 00:00,Item 2,1268
06-09-2019 00:00,Item 2,1438
07-09-2019 00:00,Item 2,1065
08-09-2019 00:00,Item 2,1170
09-09-2019 00:00,Item 2,1185
10-09-2019 00:00,Item 2,1143
11-09-2019 00:00,Item 2,1382
12-09-2019 00:00,Item 2,1282
13-09-2019 00:00,Item 2,1344
14-09-2019 00:00,Item 2,1341
15-09-2019 00:00,Item 2,942
16-09-2019 00:00,Item 2,1249
17-09-2019 00:00,Item 2,1226
18-09-2019 00:00,Item 2,1105
19-09-2019 00:00,Item 2,1117
20-09-2019 00:00,Item 2,1188
21-09-2019 00:00,Item 2,1129
22-09-2019 00:00,Item 2,1293
23-09-2019 00:00,Item 2,1343
24-09-2019 00:00,Item 2,1351
25-09-2019 00:00,Item 2,1122
26-09-2019 00:00,Item 2,1071
27-09-2019 00:00,Item 2,905
28-09-2019 00:00,Item 2,1270
29-09-2019 00:00,Item 2,1487
30-09-2019 00:00,Item 2,1020
01-10-2019 00:00,Item 2,555
02-10-2019 00:00,Item 2,505
03-10-2019 00:00,Item 2,515
04-10-2019 00:00,Item 2,559
05-10-2019 00:00,Item 2,501
06-10-2019 00:00,Item 2,634
07-10-2019 00:00,Item 2,700
08-10-2019 00:00,Item 2,536
09-10-2019 00:00,Item 2,500
10-10-2019 00:00,Item 2,514
11-10-2019 00:00,Item 2,465
12-10-2019 00:00,Item 2,583
13-10-2019 00:00,Item 2,698
14-10-2019 00:00,Item 2,737
15-10-2019 00:00,Item 2,564
16-10-2019 00:00,Item 2,677
17-10-2019 00:00,Item 2,520
18-10-2019 00:00,Item 2,582
19-10-2019 00:00,Item 2,601
20-10-2019 00:00,Item 2,550
21-10-2019 00:00,Item 2,552
22-10-2019 00:00,Item 2,630
23-10-2019 00:00,Item 2,566
24-10-2019 00:00,Item 2,581
25-10-2019 00:00,Item 2,521
26-10-2019 00:00,Item 2,527
27-10-2019 00:00,Item 2,572
28-10-2019 00:00,Item 2,492
29-10-2019 00:00,Item 2,563
30-10-2019 00:00,Item 2,570
31-10-2019 00:00,Item 2,661
01-11-2019 00:00,Item 2,461
02-11-2019 00:00,Item 2,486
03-11-2019 00:00,Item 2,495
04-11-2019 00:00,Item 2,494
05-11-2019 00:00,Item 2,481
06-11-2019 00:00,Item 2,450
07-11-2019 00:00,Item 2,695
08-11-2019 00:00,Item 2,429
09-11-2019 00:00,Item 2,567
10-11-2019 00:00,Item 2,468
11-11-2019 00:00,Item 2,622
12-11-2019 00:00,Item 2,468
13-11-2019 00:00,Item 2,549
14-11-2019 00:00,Item 2,642
15-11-2019 00:00,Item 2,451
16-11-2019 00:00,Item 2,479
17-11-2019 00:00,Item 2,487
18-11-2019 00:00,Item 2,717
19-11-2019 00:00,Item 2,622
20-11-2019 00:00,Item 2,576
21-11-2019 00:00,Item 2,582
22-11-2019 00:00,Item 2,570
23-11-2019 00:00,Item 2,634
24-11-2019 00:00,Item 2,644
25-11-2019 00:00,Item 2,602
26-11-2019 00:00,Item 2,524
27-11-2019 00:00,Item 2,685
28-11-2019 00:00,Item 2,477
29-11-2019 00:00,Item 2,497
30-11-2019 00:00,Item 2,520
01-12-2019 00:00,Item 2,600
02-12-2019 00:00,Item 2,495
03-12-2019 00:00,Item 2,635
04-12-2019 00:00,Item 2,576
05-12-2019 00:00,Item 2,533
06-12-2019 00:00,Item 2,552
07-12-2019 00:00,Item 2,666
08-12-2019 00:00,Item 2,563
09-12-2019 00:00,Item 2,467
10-12-2019 00:00,Item 2,603
11-12-2019 00:00,Item 2,506
12-12-2019 00:00,Item 2,568
13-12-2019 00:00,Item 2,592
14-12-2019 00:00,Item 2,479
15-12-2019 00:00,Item 2,556
16-12-2019 00:00,Item 2,528
17-12-2019 00:00,Item 2,545
18-12-2019 00:00,Item 2,672
19-12-2019 00:00,Item 2,541
20-12-2019 00:00,Item 2,611
21-12-2019 00:00,Item 2,479
22-12-2019 00:00,Item 2,664
23-12-2019 00:00,Item 2,559
24-12-2019 00:00,Item 2,482
25-12-2019 00:00,Item 2,567
26-12-2019 00:00,Item 2,541
27-12-2019 00:00,Item 2,548
28-12-2019 00:00,Item 2,566
29-12-2019 00:00,Item 2,570
30-12-2019 00:00,Item 2,505
31-12-2019 00:00,Item 2,539
01-01-2020 00:00,Item 2,1032
02-01-2020 00:00,Item 2,973
03-01-2020 00:00,Item 2,1156
04-01-2020 00:00,Item 2,990
05-01-2020 00:00,Item 2,1361
06-01-2020 00:00,Item 2,1009
07-01-2020 00:00,Item 2,1007
08-01-2020 00:00,Item 2,1014
09-01-2020 00:00,Item 2,925
10-01-2020 00:00,Item 2,641
11-01-2020 00:00,Item 2,879
12-01-2020 00:00,Item 2,1212
13-01-2020 00:00,Item 2,1097
14-01-2020 00:00,Item 2,908
15-01-2020 00:00,Item 2,877
16-01-2020 00:00,Item 2,843
17-01-2020 00:00,Item 2,1430
18-01-2020 00:00,Item 2,1282
19-01-2020 00:00,Item 2,888
20-01-2020 00:00,Item 2,1022
21-01-2020 00:00,Item 2,761
22-01-2020 00:00,Item 2,1061
23-01-2020 00:00,Item 2,1009
24-01-2020 00:00,Item 2,1166
25-01-2020 00:00,Item 2,1107
26-01-2020 00:00,Item 2,1127
27-01-2020 00:00,Item 2,1104
28-01-2020 00:00,Item 2,984
29-01-2020 00:00,Item 2,1063
30-01-2020 00:00,Item 2,1205
31-01-2020 00:00,Item 2,985
01-02-2020 00:00,Item 2,1026
02-02-2020 00:00,Item 2,1121
03-02-2020 00:00,Item 2,1184
04-02-2020 00:00,Item 2,822
05-02-2020 00:00,Item 2,1074
06-02-2020 00:00,Item 2,1071
07-02-2020 00:00,Item 2,1051
08-02-2020 00:00,Item 2,1020
09-02-2020 00:00,Item 2,1163
10-02-2020 00:00,Item 2,1106
11-02-2020 00:00,Item 2,1101
12-02-2020 00:00,Item 2,880
13-02-2020 00:00,Item 2,1216
14-02-2020 00:00,Item 2,1076
15-02-2020 00:00,Item 2,1044
16-02-2020 00:00,Item 2,1123
17-02-2020 00:00,Item 2,967
18-02-2020 00:00,Item 2,918
19-02-2020 00:00,Item 2,1042
20-02-2020 00:00,Item 2,1116
21-02-2020 00:00,Item 2,999
22-02-2020 00:00,Item 2,871
23-02-2020 00:00,Item 2,1061
24-02-2020 00:00,Item 2,835
25-02-2020 00:00,Item 2,1308
26-02-2020 00:00,Item 2,1307
27-02-2020 00:00,Item 2,1063
28-02-2020 00:00,Item 2,1172
29-02-2020 00:00,Item 2,946
01-03-2020 00:00,Item 2,1154
02-03-2020 00:00,Item 2,1217
03-03-2020 00:00,Item 2,1071
04-03-2020 00:00,Item 2,1439
05-03-2020 00:00,Item 2,977
06-03-2020 00:00,Item 2,1307
07-03-2020 00:00,Item 2,937
08-03-2020 00:00,Item 2,833
09-03-2020 00:00,Item 2,953
10-03-2020 00:00,Item 2,1201
11-03-2020 00:00,Item 2,1316
12-03-2020 00:00,Item 2,955
13-03-2020 00:00,Item 2,798
14-03-2020 00:00,Item 2,1075
15-03-2020 00:00,Item 2,1188
16-03-2020 00:00,Item 2,1268
17-03-2020 00:00,Item 2,868
18-03-2020 00:00,Item 2,990
19-03-2020 00:00,Item 2,1307
20-03-2020 00:00,Item 2,919
21-03-2020 00:00,Item 2,981
22-03-2020 00:00,Item 2,988
23-03-2020 00:00,Item 2,1058
24-03-2020 00:00,Item 2,880
25-03-2020 00:00,Item 2,1194
26-03-2020 00:00,Item 2,847
27-03-2020 00:00,Item 2,1080
28-03-2020 00:00,Item 2,1075
29-03-2020 00:00,Item 2,1091
30-03-2020 00:00,Item 2,941
31-03-2020 00:00,Item 2,1026
01-04-2020 00:00,Item 2,1114
02-04-2020 00:00,Item 2,1154
03-04-2020 00:00,Item 2,891
04-04-2020 00:00,Item 2,1046
05-04-2020 00:00,Item 2,1222
06-04-2020 00:00,Item 2,1113
07-04-2020 00:00,Item 2,1312
08-04-2020 00:00,Item 2,1421
09-04-2020 00:00,Item 2,1315
10-04-2020 00:00,Item 2,967
11-04-2020 00:00,Item 2,1158
12-04-2020 00:00,Item 2,1255
13-04-2020 00:00,Item 2,838
14-04-2020 00:00,Item 2,1043
15-04-2020 00:00,Item 2,1188
16-04-2020 00:00,Item 2,1057
17-04-2020 00:00,Item 2,1067
18-04-2020 00:00,Item 2,885
19-04-2020 00:00,Item 2,887
20-04-2020 00:00,Item 2,1039
21-04-2020 00:00,Item 2,952
22-04-2020 00:00,Item 2,1156
23-04-2020 00:00,Item 2,1149
24-04-2020 00:00,Item 2,894
25-04-2020 00:00,Item 2,1268
26-04-2020 00:00,Item 2,786
27-04-2020 00:00,Item 2,1143
28-04-2020 00:00,Item 2,1177
29-04-2020 00:00,Item 2,1054
30-04-2020 00:00,Item 2,1182
01-05-2020 00:00,Item 2,895
02-05-2020 00:00,Item 2,1254
03-05-2020 00:00,Item 2,958
04-05-2020 00:00,Item 2,826
05-05-2020 00:00,Item 2,965
06-05-2020 00:00,Item 2,1031
07-05-2020 00:00,Item 2,1093
08-05-2020 00:00,Item 2,887
09-05-2020 00:00,Item 2,1044
10-05-2020 00:00,Item 2,926
11-05-2020 00:00,Item 2,1110
12-05-2020 00:00,Item 2,1152
13-05-2020 00:00,Item 2,913
14-05-2020 00:00,Item 2,1148
15-05-2020 00:00,Item 2,1015
16-05-2020 00:00,Item 2,1066
17-05-2020 00:00,Item 2,1009
18-05-2020 00:00,Item 2,1101
19-05-2020 00:00,Item 2,901
20-05-2020 00:00,Item 2,1333
21-05-2020 00:00,Item 2,1088
22-05-2020 00:00,Item 2,1143
23-05-2020 00:00,Item 2,1204
24-05-2020 00:00,Item 2,1012
25-05-2020 00:00,Item 2,972
26-05-2020 00:00,Item 2,1382
27-05-2020 00:00,Item 2,1124
28-05-2020 00:00,Item 2,945
29-05-2020 00:00,Item 2,1278
30-05-2020 00:00,Item 2,1170
31-05-2020 00:00,Item 2,1091
01-06-2020 00:00,Item 2,805
02-06-2020 00:00,Item 2,962
03-06-2020 00:00,Item 2,938
04-06-2020 00:00,Item 2,1012
05-06-2020 00:00,Item 2,1144
06-06-2020 00:00,Item 2,1032
07-06-2020 00:00,Item 2,957
08-06-2020 00:00,Item 2,853
09-06-2020 00:00,Item 2,1012
10-06-2020 00:00,Item 2,960
11-06-2020 00:00,Item 2,1122
12-06-2020 00:00,Item 2,1010
13-06-2020 00:00,Item 2,864
14-06-2020 00:00,Item 2,1000
15-06-2020 00:00,Item 2,1072
16-06-2020 00:00,Item 2,1030
17-06-2020 00:00,Item 2,681
18-06-2020 00:00,Item 2,1002
19-06-2020 00:00,Item 2,1076
20-06-2020 00:00,Item 2,1280
21-06-2020 00:00,Item 2,1133
22-06-2020 00:00,Item 2,1133
23-06-2020 00:00,Item 2,844
24-06-2020 00:00,Item 2,1278
25-06-2020 00:00,Item 2,1171
26-06-2020 00:00,Item 2,1021
27-06-2020 00:00,Item 2,957
28-06-2020 00:00,Item 2,1255
29-06-2020 00:00,Item 2,779
30-06-2020 00:00,Item 2,1049
01-07-2020 00:00,Item 2,935
02-07-2020 00:00,Item 2,865
03-07-2020 00:00,Item 2,1079
04-07-2020 00:00,Item 2,1006
05-07-2020 00:00,Item 2,873
06-07-2020 00:00,Item 2,1250
07-07-2020 00:00,Item 2,867
08-07-2020 00:00,Item 2,1241
09-07-2020 00:00,Item 2,1046
10-07-2020 00:00,Item 2,962
11-07-2020 00:00,Item 2,1162
12-07-2020 00:00,Item 2,1478
13-07-2020 00:00,Item 2,1045
14-07-2020 00:00,Item 2,978
15-07-2020 00:00,Item 2,785
16-07-2020 00:00,Item 2,846
17-07-2020 00:00,Item 2,1039
18-07-2020 00:00,Item 2,998
19-07-2020 00:00,Item 2,1168
20-07-2020 00:00,Item 2,1053
21-07-2020 00:00,Item 2,1072
22-07-2020 00:00,Item 2,967
23-07-2020 00:00,Item 2,1256
24-07-2020 00:00,Item 2,1423
01-01-2019 00:00,Item 3,128
02-01-2019 00:00,Item 3,190
03-01-2019 00:00,Item 3,204
04-01-2019 00:00,Item 3,166
05-01-2019 00:00,Item 3,180
06-01-2019 00:00,Item 3,163
07-01-2019 00:00,Item 3,188
08-01-2019 00:00,Item 3,191
09-01-2019 00:00,Item 3,169
10-01-2019 00:00,Item 3,140
11-01-2019 00:00,Item 3,185
12-01-2019 00:00,Item 3,177
13-01-2019 00:00,Item 3,227
14-01-2019 00:00,Item 3,157
15-01-2019 00:00,Item 3,159
16-01-2019 00:00,Item 3,167
17-01-2019 00:00,Item 3,187
18-01-2019 00:00,Item 3,113
19-01-2019 00:00,Item 3,176
20-01-2019 00:00,Item 3,125
21-01-2019 00:00,Item 3,157
22-01-2019 00:00,Item 3,156
23-01-2019 00:00,Item 3,190
24-01-2019 00:00,Item 3,166
25-01-2019 00:00,Item 3,211
26-01-2019 00:00,Item 3,182
27-01-2019 00:00,Item 3,185
28-01-2019 00:00,Item 3,188
29-01-2019 00:00,Item 3,143
30-01-2019 00:00,Item 3,116
31-01-2019 00:00,Item 3,171
01-02-2019 00:00,Item 3,193
02-02-2019 00:00,Item 3,146
03-02-2019 00:00,Item 3,166
04-02-2019 00:00,Item 3,163
05-02-2019 00:00,Item 3,195
06-02-2019 00:00,Item 3,160
07-02-2019 00:00,Item 3,197
08-02-2019 00:00,Item 3,194
09-02-2019 00:00,Item 3,149
10-02-2019 00:00,Item 3,182
11-02-2019 00:00,Item 3,249
12-02-2019 00:00,Item 3,182
13-02-2019 00:00,Item 3,179
14-02-2019 00:00,Item 3,142
15-02-2019 00:00,Item 3,169
16-02-2019 00:00,Item 3,181
17-02-2019 00:00,Item 3,187
18-02-2019 00:00,Item 3,234
19-02-2019 00:00,Item 3,200
20-02-2019 00:00,Item 3,156
21-02-2019 00:00,Item 3,127
22-02-2019 00:00,Item 3,158
23-02-2019 00:00,Item 3,180
24-02-2019 00:00,Item 3,230
25-02-2019 00:00,Item 3,163
26-02-2019 00:00,Item 3,199
27-02-2019 00:00,Item 3,140
28-02-2019 00:00,Item 3,159
01-03-2019 00:00,Item 3,135
02-03-2019 00:00,Item 3,180
03-03-2019 00:00,Item 3,209
04-03-2019 00:00,Item 3,173
05-03-2019 00:00,Item 3,227
06-03-2019 00:00,Item 3,170
07-03-2019 00:00,Item 3,198
08-03-2019 00:00,Item 3,172
09-03-2019 00:00,Item 3,207
10-03-2019 00:00,Item 3,182
11-03-2019 00:00,Item 3,142
12-03-2019 00:00,Item 3,141
13-03-2019 00:00,Item 3,128
14-03-2019 00:00,Item 3,185
15-03-2019 00:00,Item 3,177
16-03-2019 00:00,Item 3,163
17-03-2019 00:00,Item 3,189
18-03-2019 00:00,Item 3,188
19-03-2019 00:00,Item 3,171
20-03-2019 00:00,Item 3,197
21-03-2019 00:00,Item 3,164
22-03-2019 00:00,Item 3,223
23-03-2019 00:00,Item 3,175
24-03-2019 00:00,Item 3,247
25-03-2019 00:00,Item 3,171
26-03-2019 00:00,Item 3,150
27-03-2019 00:00,Item 3,204
28-03-2019 00:00,Item 3,143
29-03-2019 00:00,Item 3,172
30-03-2019 00:00,Item 3,184
31-03-2019 00:00,Item 3,170
01-04-2019 00:00,Item 3,142
02-04-2019 00:00,Item 3,143
03-04-2019 00:00,Item 3,188
04-04-2019 00:00,Item 3,183
05-04-2019 00:00,Item 3,196
06-04-2019 00:00,Item 3,195
07-04-2019 00:00,Item 3,184
08-04-2019 00:00,Item 3,199
09-04-2019 00:00,Item 3,136
10-04-2019 00:00,Item 3,246
11-04-2019 00:00,Item 3,153
12-04-2019 00:00,Item 3,186
13-04-2019 00:00,Item 3,162
14-04-2019 00:00,Item 3,122
15-04-2019 00:00,Item 3,239
16-04-2019 00:00,Item 3,167
17-04-2019 00:00,Item 3,162
18-04-2019 00:00,Item 3,123
19-04-2019 00:00,Item 3,159
20-04-2019 00:00,Item 3,199
21-04-2019 00:00,Item 3,196
22-04-2019 00:00,Item 3,160
23-04-2019 00:00,Item 3,202
24-04-2019 00:00,Item 3,190
25-04-2019 00:00,Item 3,120
26-04-2019 00:00,Item 3,201
27-04-2019 00:00,Item 3,177
28-04-2019 00:00,Item 3,162
29-04-2019 00:00,Item 3,179
30-04-2019 00:00,Item 3,126
01-05-2019 00:00,Item 3,315
02-05-2019 00:00,Item 3,262
03-05-2019 00:00,Item 3,293
04-05-2019 00:00,Item 3,259
05-05-2019 00:00,Item 3,232
06-05-2019 00:00,Item 3,254
07-05-2019 00:00,Item 3,218
08-05-2019 00:00,Item 3,216
09-05-2019 00:00,Item 3,230
10-05-2019 00:00,Item 3,233
11-05-2019 00:00,Item 3,259
12-05-2019 00:00,Item 3,282
13-05-2019 00:00,Item 3,229
14-05-2019 00:00,Item 3,246
15-05-2019 00:00,Item 3,245
16-05-2019 00:00,Item 3,256
17-05-2019 00:00,Item 3,198
18-05-2019 00:00,Item 3,224
19-05-2019 00:00,Item 3,187
20-05-2019 00:00,Item 3,240
21-05-2019 00:00,Item 3,195
22-05-2019 00:00,Item 3,204
23-05-2019 00:00,Item 3,290
24-05-2019 00:00,Item 3,304
25-05-2019 00:00,Item 3,289
26-05-2019 00:00,Item 3,252
27-05-2019 00:00,Item 3,224
28-05-2019 00:00,Item 3,249
29-05-2019 00:00,Item 3,317
30-05-2019 00:00,Item 3,269
31-05-2019 00:00,Item 3,237
01-06-2019 00:00,Item 3,263
02-06-2019 00:00,Item 3,275
03-06-2019 00:00,Item 3,241
04-06-2019 00:00,Item 3,269
05-06-2019 00:00,Item 3,245
06-06-2019 00:00,Item 3,323
07-06-2019 00:00,Item 3,232
08-06-2019 00:00,Item 3,223
09-06-2019 00:00,Item 3,212
10-06-2019 00:00,Item 3,234
11-06-2019 00:00,Item 3,165
12-06-2019 00:00,Item 3,231
13-06-2019 00:00,Item 3,215
14-06-2019 00:00,Item 3,233
15-06-2019 00:00,Item 3,283
16-06-2019 00:00,Item 3,204
17-06-2019 00:00,Item 3,325
18-06-2019 00:00,Item 3,231
19-06-2019 00:00,Item 3,266
20-06-2019 00:00,Item 3,170
21-06-2019 00:00,Item 3,264
22-06-2019 00:00,Item 3,293
23-06-2019 00:00,Item 3,292
24-06-2019 00:00,Item 3,280
25-06-2019 00:00,Item 3,291
26-06-2019 00:00,Item 3,264
27-06-2019 00:00,Item 3,199
28-06-2019 00:00,Item 3,228
29-06-2019 00:00,Item 3,247
30-06-2019 00:00,Item 3,240
01-07-2019 00:00,Item 3,256
02-07-2019 00:00,Item 3,204
03-07-2019 00:00,Item 3,262
04-07-2019 00:00,Item 3,243
05-07-2019 00:00,Item 3,227
06-07-2019 00:00,Item 3,269
07-07-2019 00:00,Item 3,177
08-07-2019 00:00,Item 3,311
09-07-2019 00:00,Item 3,210
10-07-2019 00:00,Item 3,311
11-07-2019 00:00,Item 3,293
12-07-2019 00:00,Item 3,249
13-07-2019 00:00,Item 3,284
14-07-2019 00:00,Item 3,199
15-07-2019 00:00,Item 3,264
16-07-2019 00:00,Item 3,274
17-07-2019 00:00,Item 3,224
18-07-2019 00:00,Item 3,226
19-07-2019 00:00,Item 3,187
20-07-2019 00:00,Item 3,244
21-07-2019 00:00,Item 3,200
22-07-2019 00:00,Item 3,253
23-07-2019 00:00,Item 3,284
24-07-2019 00:00,Item 3,249
25-07-2019 00:00,Item 3,253
26-07-2019 00:00,Item 3,286
27-07-2019 00:00,Item 3,239
28-07-2019 00:00,Item 3,315
29-07-2019 00:00,Item 3,233
30-07-2019 00:00,Item 3,194
31-07-2019 00:00,Item 3,244
01-08-2019 00:00,Item 3,224
02-08-2019 00:00,Item 3,243
03-08-2019 00:00,Item 3,258
04-08-2019 00:00,Item 3,202
05-08-2019 00:00,Item 3,225
06-08-2019 00:00,Item 3,260
07-08-2019 00:00,Item 3,209
08-08-2019 00:00,Item 3,211
09-08-2019 00:00,Item 3,221
10-08-2019 00:00,Item 3,297
11-08-2019 00:00,Item 3,223
12-08-2019 00:00,Item 3,197
13-08-2019 00:00,Item 3,242
14-08-2019 00:00,Item 3,243
15-08-2019 00:00,Item 3,267
16-08-2019 00:00,Item 3,226
17-08-2019 00:00,Item 3,277
18-08-2019 00:00,Item 3,294
19-08-2019 00:00,Item 3,279
20-08-2019 00:00,Item 3,224
21-08-2019 00:00,Item 3,232
22-08-2019 00:00,Item 3,195
23-08-2019 00:00,Item 3,321
24-08-2019 00:00,Item 3,218
25-08-2019 00:00,Item 3,240
26-08-2019 00:00,Item 3,231
27-08-2019 00:00,Item 3,221
28-08-2019 00:00,Item 3,219
29-08-2019 00:00,Item 3,230
30-08-2019 00:00,Item 3,233
31-08-2019 00:00,Item 3,240
01-09-2019 00:00,Item 3,249
02-09-2019 00:00,Item 3,225
03-09-2019 00:00,Item 3,305
04-09-2019 00:00,Item 3,268
05-09-2019 00:00,Item 3,241
06-09-2019 00:00,Item 3,256
07-09-2019 00:00,Item 3,247
08-09-2019 00:00,Item 3,223
09-09-2019 00:00,Item 3,205
10-09-2019 00:00,Item 3,242
11-09-2019 00:00,Item 3,233
12-09-2019 00:00,Item 3,197
13-09-2019 00:00,Item 3,237
14-09-2019 00:00,Item 3,270
15-09-2019 00:00,Item 3,295
16-09-2019 00:00,Item 3,286
17-09-2019 00:00,Item 3,268
18-09-2019 00:00,Item 3,216
19-09-2019 00:00,Item 3,218
20-09-2019 00:00,Item 3,307
21-09-2019 00:00,Item 3,239
22-09-2019 00:00,Item 3,232
23-09-2019 00:00,Item 3,253
24-09-2019 00:00,Item 3,263
25-09-2019 00:00,Item 3,190
26-09-2019 00:00,Item 3,222
27-09-2019 00:00,Item 3,298
28-09-2019 00:00,Item 3,204
29-09-2019 00:00,Item 3,258
30-09-2019 00:00,Item 3,250
01-10-2019 00:00,Item 3,229
02-10-2019 00:00,Item 3,194
03-10-2019 00:00,Item 3,230
04-10-2019 00:00,Item 3,223
05-10-2019 00:00,Item 3,178
06-10-2019 00:00,Item 3,241
07-10-2019 00:00,Item 3,223
08-10-2019 00:00,Item 3,215
09-10-2019 00:00,Item 3,176
10-10-2019 00:00,Item 3,179
11-10-2019 00:00,Item 3,187
12-10-2019 00:00,Item 3,296
13-10-2019 00:00,Item 3,192
14-10-2019 00:00,Item 3,191
15-10-2019 00:00,Item 3,212
16-10-2019 00:00,Item 3,181
17-10-2019 00:00,Item 3,215
18-10-2019 00:00,Item 3,247
19-10-2019 00:00,Item 3,227
20-10-2019 00:00,Item 3,198
21-10-2019 00:00,Item 3,191
22-10-2019 00:00,Item 3,219
23-10-2019 00:00,Item 3,211
24-10-2019 00:00,Item 3,207
25-10-2019 00:00,Item 3,186
26-10-2019 00:00,Item 3,205
27-10-2019 00:00,Item 3,224
28-10-2019 00:00,Item 3,273
29-10-2019 00:00,Item 3,218
30-10-2019 00:00,Item 3,249
31-10-2019 00:00,Item 3,242
01-11-2019 00:00,Item 3,184
02-11-2019 00:00,Item 3,143
03-11-2019 00:00,Item 3,210
04-11-2019 00:00,Item 3,276
05-11-2019 00:00,Item 3,237
06-11-2019 00:00,Item 3,178
07-11-2019 00:00,Item 3,247
08-11-2019 00:00,Item 3,226
09-11-2019 00:00,Item 3,241
10-11-2019 00:00,Item 3,217
11-11-2019 00:00,Item 3,218
12-11-2019 00:00,Item 3,201
13-11-2019 00:00,Item 3,200
14-11-2019 00:00,Item 3,305
15-11-2019 00:00,Item 3,200
16-11-2019 00:00,Item 3,192
17-11-2019 00:00,Item 3,220
18-11-2019 00:00,Item 3,232
19-11-2019 00:00,Item 3,176
20-11-2019 00:00,Item 3,201
21-11-2019 00:00,Item 3,224
22-11-2019 00:00,Item 3,159
23-11-2019 00:00,Item 3,207
24-11-2019 00:00,Item 3,226
25-11-2019 00:00,Item 3,181
26-11-2019 00:00,Item 3,232
27-11-2019 00:00,Item 3,234
28-11-2019 00:00,Item 3,227
29-11-2019 00:00,Item 3,214
30-11-2019 00:00,Item 3,158
01-12-2019 00:00,Item 3,256
02-12-2019 00:00,Item 3,202
03-12-2019 00:00,Item 3,226
04-12-2019 00:00,Item 3,177
05-12-2019 00:00,Item 3,251
06-12-2019 00:00,Item 3,184
07-12-2019 00:00,Item 3,197
08-12-2019 00:00,Item 3,204
09-12-2019 00:00,Item 3,211
10-12-2019 00:00,Item 3,231
11-12-2019 00:00,Item 3,226
12-12-2019 00:00,Item 3,201
13-12-2019 00:00,Item 3,176
14-12-2019 00:00,Item 3,206
15-12-2019 00:00,Item 3,176
16-12-2019 00:00,Item 3,195
17-12-2019 00:00,Item 3,199
18-12-2019 00:00,Item 3,155
19-12-2019 00:00,Item 3,186
20-12-2019 00:00,Item 3,261
21-12-2019 00:00,Item 3,216
22-12-2019 00:00,Item 3,243
23-12-2019 00:00,Item 3,191
24-12-2019 00:00,Item 3,207
25-12-2019 00:00,Item 3,213
26-12-2019 00:00,Item 3,163
27-12-2019 00:00,Item 3,161
28-12-2019 00:00,Item 3,218
29-12-2019 00:00,Item 3,151
30-12-2019 00:00,Item 3,190
31-12-2019 00:00,Item 3,204
01-01-2020 00:00,Item 3,272
02-01-2020 00:00,Item 3,221
03-01-2020 00:00,Item 3,256
04-01-2020 00:00,Item 3,250
05-01-2020 00:00,Item 3,234
06-01-2020 00:00,Item 3,274
07-01-2020 00:00,Item 3,249
08-01-2020 00:00,Item 3,272
09-01-2020 00:00,Item 3,214
10-01-2020 00:00,Item 3,217
11-01-2020 00:00,Item 3,303
12-01-2020 00:00,Item 3,240
13-01-2020 00:00,Item 3,278
14-01-2020 00:00,Item 3,352
15-01-2020 00:00,Item 3,216
16-01-2020 00:00,Item 3,218
17-01-2020 00:00,Item 3,349
18-01-2020 00:00,Item 3,212
19-01-2020 00:00,Item 3,256
20-01-2020 00:00,Item 3,253
21-01-2020 00:00,Item 3,253
22-01-2020 00:00,Item 3,270
23-01-2020 00:00,Item 3,250
24-01-2020 00:00,Item 3,207
25-01-2020 00:00,Item 3,311
26-01-2020 00:00,Item 3,246
27-01-2020 00:00,Item 3,208
28-01-2020 00:00,Item 3,249
29-01-2020 00:00,Item 3,261
30-01-2020 00:00,Item 3,191
31-01-2020 00:00,Item 3,246
01-02-2020 00:00,Item 3,228
02-02-2020 00:00,Item 3,218
03-02-2020 00:00,Item 3,220
04-02-2020 00:00,Item 3,182
05-02-2020 00:00,Item 3,282
06-02-2020 00:00,Item 3,248
07-02-2020 00:00,Item 3,167
08-02-2020 00:00,Item 3,251
09-02-2020 00:00,Item 3,241
10-02-2020 00:00,Item 3,197
11-02-2020 00:00,Item 3,229
12-02-2020 00:00,Item 3,222
13-02-2020 00:00,Item 3,250
14-02-2020 00:00,Item 3,293
15-02-2020 00:00,Item 3,249
16-02-2020 00:00,Item 3,187
17-02-2020 00:00,Item 3,306
18-02-2020 00:00,Item 3,223
19-02-2020 00:00,Item 3,204
20-02-2020 00:00,Item 3,261
21-02-2020 00:00,Item 3,283
22-02-2020 00:00,Item 3,236
23-02-2020 00:00,Item 3,190
24-02-2020 00:00,Item 3,212
25-02-2020 00:00,Item 3,229
26-02-2020 00:00,Item 3,264
27-02-2020 00:00,Item 3,261
28-02-2020 00:00,Item 3,267
29-02-2020 00:00,Item 3,238
01-03-2020 00:00,Item 3,315
02-03-2020 00:00,Item 3,276
03-03-2020 00:00,Item 3,287
04-03-2020 00:00,Item 3,260
05-03-2020 00:00,Item 3,295
06-03-2020 00:00,Item 3,220
07-03-2020 00:00,Item 3,219
08-03-2020 00:00,Item 3,208
09-03-2020 00:00,Item 3,201
10-03-2020 00:00,Item 3,307
11-03-2020 00:00,Item 3,209
12-03-2020 00:00,Item 3,257
13-03-2020 00:00,Item 3,264
14-03-2020 00:00,Item 3,233
15-03-2020 00:00,Item 3,243
16-03-2020 00:00,Item 3,293
17-03-2020 00:00,Item 3,264
18-03-2020 00:00,Item 3,242
19-03-2020 00:00,Item 3,236
20-03-2020 00:00,Item 3,244
21-03-2020 00:00,Item 3,257
22-03-2020 00:00,Item 3,277
23-03-2020 00:00,Item 3,299
24-03-2020 00:00,Item 3,242
25-03-2020 00:00,Item 3,270
26-03-2020 00:00,Item 3,235
27-03-2020 00:00,Item 3,237
28-03-2020 00:00,Item 3,267
29-03-2020 00:00,Item 3,235
30-03-2020 00:00,Item 3,257
31-03-2020 00:00,Item 3,244
01-04-2020 00:00,Item 3,264
02-04-2020 00:00,Item 3,217
03-04-2020 00:00,Item 3,299
04-04-2020 00:00,Item 3,288
05-04-2020 00:00,Item 3,222
06-04-2020 00:00,Item 3,232
07-04-2020 00:00,Item 3,198
08-04-2020 00:00,Item 3,237
09-04-2020 00:00,Item 3,222
10-04-2020 00:00,Item 3,219
11-04-2020 00:00,Item 3,273
12-04-2020 00:00,Item 3,222
13-04-2020 00:00,Item 3,194
14-04-2020 00:00,Item 3,260
15-04-2020 00:00,Item 3,223
16-04-2020 00:00,Item 3,253
17-04-2020 00:00,Item 3,268
18-04-2020 00:00,Item 3,240
19-04-2020 00:00,Item 3,201
20-04-2020 00:00,Item 3,248
21-04-2020 00:00,Item 3,249
22-04-2020 00:00,Item 3,200
23-04-2020 00:00,Item 3,277
24-04-2020 00:00,Item 3,299
25-04-2020 00:00,Item 3,280
26-04-2020 00:00,Item 3,243
27-04-2020 00:00,Item 3,262
28-04-2020 00:00,Item 3,260
29-04-2020 00:00,Item 3,235
30-04-2020 00:00,Item 3,179
01-05-2020 00:00,Item 3,223
02-05-2020 00:00,Item 3,242
03-05-2020 00:00,Item 3,230
04-05-2020 00:00,Item 3,230
05-05-2020 00:00,Item 3,219
06-05-2020 00:00,Item 3,217
07-05-2020 00:00,Item 3,242
08-05-2020 00:00,Item 3,211
09-05-2020 00:00,Item 3,214
10-05-2020 00:00,Item 3,304
11-05-2020 00:00,Item 3,239
12-05-2020 00:00,Item 3,215
13-05-2020 00:00,Item 3,287
14-05-2020 00:00,Item 3,285
15-05-2020 00:00,Item 3,247
16-05-2020 00:00,Item 3,234
17-05-2020 00:00,Item 3,213
18-05-2020 00:00,Item 3,196
19-05-2020 00:00,Item 3,250
20-05-2020 00:00,Item 3,209
21-05-2020 00:00,Item 3,229
22-05-2020 00:00,Item 3,286
23-05-2020 00:00,Item 3,219
24-05-2020 00:00,Item 3,254
25-05-2020 00:00,Item 3,235
26-05-2020 00:00,Item 3,221
27-05-2020 00:00,Item 3,239
28-05-2020 00:00,Item 3,185
29-05-2020 00:00,Item 3,251
30-05-2020 00:00,Item 3,258
31-05-2020 00:00,Item 3,286
01-06-2020 00:00,Item 3,259
02-06-2020 00:00,Item 3,199
03-06-2020 00:00,Item 3,256
04-06-2020 00:00,Item 3,200
05-06-2020 00:00,Item 3,302
06-06-2020 00:00,Item 3,195
07-06-2020 00:00,Item 3,282
08-06-2020 00:00,Item 3,237
09-06-2020 00:00,Item 3,221
10-06-2020 00:00,Item 3,211
11-06-2020 00:00,Item 3,202
12-06-2020 00:00,Item 3,231
13-06-2020 00:00,Item 3,255
14-06-2020 00:00,Item 3,284
15-06-2020 00:00,Item 3,218
16-06-2020 00:00,Item 3,319
17-06-2020 00:00,Item 3,256
18-06-2020 00:00,Item 3,208
19-06-2020 00:00,Item 3,321
20-06-2020 00:00,Item 3,267
21-06-2020 00:00,Item 3,321
22-06-2020 00:00,Item 3,250
23-06-2020 00:00,Item 3,184
24-06-2020 00:00,Item 3,258
25-06-2020 00:00,Item 3,267
26-06-2020 00:00,Item 3,193
27-06-2020 00:00,Item 3,246
28-06-2020 00:00,Item 3,254
29-06-2020 00:00,Item 3,260
30-06-2020 00:00,Item 3,251
01-07-2020 00:00,Item 3,260
02-07-2020 00:00,Item 3,295
03-07-2020 00:00,Item 3,287
04-07-2020 00:00,Item 3,212
05-07-2020 00:00,Item 3,183
06-07-2020 00:00,Item 3,243
07-07-2020 00:00,Item 3,283
08-07-2020 00:00,Item 3,321
09-07-2020 00:00,Item 3,215
10-07-2020 00:00,Item 3,262
11-07-2020 00:00,Item 3,219
12-07-2020 00:00,Item 3,247
13-07-2020 00:00,Item 3,211
14-07-2020 00:00,Item 3,208
15-07-2020 00:00,Item 3,243
16-07-2020 00:00,Item 3,236
17-07-2020 00:00,Item 3,267
18-07-2020 00:00,Item 3,205
19-07-2020 00:00,Item 3,317
20-07-2020 00:00,Item 3,230
21-07-2020 00:00,Item 3,265
22-07-2020 00:00,Item 3,223
23-07-2020 00:00,Item 3,222
24-07-2020 00:00,Item 3,195
01-01-2019 00:00,Item 4,67
02-01-2019 00:00,Item 4,57
03-01-2019 00:00,Item 4,67
04-01-2019 00:00,Item 4,73
05-01-2019 00:00,Item 4,59
06-01-2019 00:00,Item 4,68
07-01-2019 00:00,Item 4,75
08-01-2019 00:00,Item 4,74
09-01-2019 00:00,Item 4,68
10-01-2019 00:00,Item 4,61
11-01-2019 00:00,Item 4,66
12-01-2019 00:00,Item 4,48
13-01-2019 00:00,Item 4,74
14-01-2019 00:00,Item 4,77
15-01-2019 00:00,Item 4,52
16-01-2019 00:00,Item 4,67
17-01-2019 00:00,Item 4,67
18-01-2019 00:00,Item 4,55
19-01-2019 00:00,Item 4,71
20-01-2019 00:00,Item 4,62
21-01-2019 00:00,Item 4,80
22-01-2019 00:00,Item 4,68
23-01-2019 00:00,Item 4,70
24-01-2019 00:00,Item 4,59
25-01-2019 00:00,Item 4,66
26-01-2019 00:00,Item 4,75
27-01-2019 00:00,Item 4,82
28-01-2019 00:00,Item 4,83
29-01-2019 00:00,Item 4,69
30-01-2019 00:00,Item 4,69
31-01-2019 00:00,Item 4,81
01-02-2019 00:00,Item 4,66
02-02-2019 00:00,Item 4,77
03-02-2019 00:00,Item 4,66
04-02-2019 00:00,Item 4,66
05-02-2019 00:00,Item 4,62
06-02-2019 00:00,Item 4,71
07-02-2019 00:00,Item 4,63
08-02-2019 00:00,Item 4,84
09-02-2019 00:00,Item 4,74
10-02-2019 00:00,Item 4,56
11-02-2019 00:00,Item 4,63
12-02-2019 00:00,Item 4,78
13-02-2019 00:00,Item 4,86
14-02-2019 00:00,Item 4,67
15-02-2019 00:00,Item 4,65
16-02-2019 00:00,Item 4,60
17-02-2019 00:00,Item 4,70
18-02-2019 00:00,Item 4,56
19-02-2019 00:00,Item 4,70
20-02-2019 00:00,Item 4,74
21-02-2019 00:00,Item 4,61
22-02-2019 00:00,Item 4,78
23-02-2019 00:00,Item 4,68
24-02-2019 00:00,Item 4,66
25-02-2019 00:00,Item 4,62
26-02-2019 00:00,Item 4,66
27-02-2019 00:00,Item 4,57
28-02-2019 00:00,Item 4,74
01-03-2019 00:00,Item 4,64
02-03-2019 00:00,Item 4,83
03-03-2019 00:00,Item 4,75
04-03-2019 00:00,Item 4,61
05-03-2019 00:00,Item 4,63
06-03-2019 00:00,Item 4,83
07-03-2019 00:00,Item 4,83
08-03-2019 00:00,Item 4,71
09-03-2019 00:00,Item 4,68
10-03-2019 00:00,Item 4,72
11-03-2019 00:00,Item 4,73
12-03-2019 00:00,Item 4,73
13-03-2019 00:00,Item 4,92
14-03-2019 00:00,Item 4,77
15-03-2019 00:00,Item 4,61
16-03-2019 00:00,Item 4,53
17-03-2019 00:00,Item 4,57
18-03-2019 00:00,Item 4,64
19-03-2019 00:00,Item 4,65
20-03-2019 00:00,Item 4,58
21-03-2019 00:00,Item 4,77
22-03-2019 00:00,Item 4,68
23-03-2019 00:00,Item 4,58
24-03-2019 00:00,Item 4,58
25-03-2019 00:00,Item 4,69
26-03-2019 00:00,Item 4,64
27-03-2019 00:00,Item 4,78
28-03-2019 00:00,Item 4,80
29-03-2019 00:00,Item 4,65
30-03-2019 00:00,Item 4,75
31-03-2019 00:00,Item 4,55
01-04-2019 00:00,Item 4,65
02-04-2019 00:00,Item 4,41
03-04-2019 00:00,Item 4,60
04-04-2019 00:00,Item 4,68
05-04-2019 00:00,Item 4,79
06-04-2019 00:00,Item 4,69
07-04-2019 00:00,Item 4,75
08-04-2019 00:00,Item 4,96
09-04-2019 00:00,Item 4,61
10-04-2019 00:00,Item 4,51
11-04-2019 00:00,Item 4,74
12-04-2019 00:00,Item 4,71
13-04-2019 00:00,Item 4,60
14-04-2019 00:00,Item 4,68
15-04-2019 00:00,Item 4,65
16-04-2019 00:00,Item 4,76
17-04-2019 00:00,Item 4,64
18-04-2019 00:00,Item 4,71
19-04-2019 00:00,Item 4,79
20-04-2019 00:00,Item 4,67
21-04-2019 00:00,Item 4,80
22-04-2019 00:00,Item 4,53
23-04-2019 00:00,Item 4,62
24-04-2019 00:00,Item 4,84
25-04-2019 00:00,Item 4,84
26-04-2019 00:00,Item 4,72
27-04-2019 00:00,Item 4,62
28-04-2019 00:00,Item 4,90
29-04-2019 00:00,Item 4,79
30-04-2019 00:00,Item 4,73
01-05-2019 00:00,Item 4,97
02-05-2019 00:00,Item 4,93
03-05-2019 00:00,Item 4,108
04-05-2019 00:00,Item 4,116
05-05-2019 00:00,Item 4,88
06-05-2019 00:00,Item 4,111
07-05-2019 00:00,Item 4,96
08-05-2019 00:00,Item 4,117
09-05-2019 00:00,Item 4,100
10-05-2019 00:00,Item 4,119
11-05-2019 00:00,Item 4,92
12-05-2019 00:00,Item 4,116
13-05-2019 00:00,Item 4,126
14-05-2019 00:00,Item 4,94
15-05-2019 00:00,Item 4,126
16-05-2019 00:00,Item 4,99
17-05-2019 00:00,Item 4,103
18-05-2019 00:00,Item 4,105
19-05-2019 00:00,Item 4,119
20-05-2019 00:00,Item 4,113
21-05-2019 00:00,Item 4,93
22-05-2019 00:00,Item 4,123
23-05-2019 00:00,Item 4,108
24-05-2019 00:00,Item 4,90
25-05-2019 00:00,Item 4,115
26-05-2019 00:00,Item 4,86
27-05-2019 00:00,Item 4,114
28-05-2019 00:00,Item 4,120
29-05-2019 00:00,Item 4,101
30-05-2019 00:00,Item 4,116
31-05-2019 00:00,Item 4,117
01-06-2019 00:00,Item 4,130
02-06-2019 00:00,Item 4,113
03-06-2019 00:00,Item 4,103
04-06-2019 00:00,Item 4,119
05-06-2019 00:00,Item 4,119
06-06-2019 00:00,Item 4,109
07-06-2019 00:00,Item 4,107
08-06-2019 00:00,Item 4,114
09-06-2019 00:00,Item 4,94
10-06-2019 00:00,Item 4,98
11-06-2019 00:00,Item 4,97
12-06-2019 00:00,Item 4,100
13-06-2019 00:00,Item 4,100
14-06-2019 00:00,Item 4,102
15-06-2019 00:00,Item 4,108
16-06-2019 00:00,Item 4,98
17-06-2019 00:00,Item 4,115
18-06-2019 00:00,Item 4,104
19-06-2019 00:00,Item 4,86
20-06-2019 00:00,Item 4,86
21-06-2019 00:00,Item 4,115
22-06-2019 00:00,Item 4,80
23-06-2019 00:00,Item 4,105
24-06-2019 00:00,Item 4,111
25-06-2019 00:00,Item 4,121
26-06-2019 00:00,Item 4,92
27-06-2019 00:00,Item 4,113
28-06-2019 00:00,Item 4,96
29-06-2019 00:00,Item 4,86
30-06-2019 00:00,Item 4,120
01-07-2019 00:00,Item 4,84
02-07-2019 00:00,Item 4,124
03-07-2019 00:00,Item 4,98
04-07-2019 00:00,Item 4,122
05-07-2019 00:00,Item 4,113
06-07-2019 00:00,Item 4,96
07-07-2019 00:00,Item 4,107
08-07-2019 00:00,Item 4,114
09-07-2019 00:00,Item 4,91
10-07-2019 00:00,Item 4,86
11-07-2019 00:00,Item 4,102
12-07-2019 00:00,Item 4,96
13-07-2019 00:00,Item 4,110
14-07-2019 00:00,Item 4,113
15-07-2019 00:00,Item 4,80
16-07-2019 00:00,Item 4,128
17-07-2019 00:00,Item 4,77
18-07-2019 00:00,Item 4,105
19-07-2019 00:00,Item 4,103
20-07-2019 00:00,Item 4,94
21-07-2019 00:00,Item 4,98
22-07-2019 00:00,Item 4,106
23-07-2019 00:00,Item 4,108
24-07-2019 00:00,Item 4,96
25-07-2019 00:00,Item 4,112
26-07-2019 00:00,Item 4,108
27-07-2019 00:00,Item 4,88
28-07-2019 00:00,Item 4,117
29-07-2019 00:00,Item 4,126
30-07-2019 00:00,Item 4,115
31-07-2019 00:00,Item 4,88
01-08-2019 00:00,Item 4,111
02-08-2019 00:00,Item 4,65
03-08-2019 00:00,Item 4,109
04-08-2019 00:00,Item 4,114
05-08-2019 00:00,Item 4,100
06-08-2019 00:00,Item 4,112
07-08-2019 00:00,Item 4,110
08-08-2019 00:00,Item 4,86
09-08-2019 00:00,Item 4,76
10-08-2019 00:00,Item 4,99
11-08-2019 00:00,Item 4,90
12-08-2019 00:00,Item 4,118
13-08-2019 00:00,Item 4,94
14-08-2019 00:00,Item 4,100
15-08-2019 00:00,Item 4,102
16-08-2019 00:00,Item 4,94
17-08-2019 00:00,Item 4,116
18-08-2019 00:00,Item 4,93
19-08-2019 00:00,Item 4,103
20-08-2019 00:00,Item 4,99
21-08-2019 00:00,Item 4,98
22-08-2019 00:00,Item 4,111
23-08-2019 00:00,Item 4,102
24-08-2019 00:00,Item 4,96
25-08-2019 00:00,Item 4,101
26-08-2019 00:00,Item 4,85
27-08-2019 00:00,Item 4,117
28-08-2019 00:00,Item 4,120
29-08-2019 00:00,Item 4,106
30-08-2019 00:00,Item 4,119
31-08-2019 00:00,Item 4,104
01-09-2019 00:00,Item 4,117
02-09-2019 00:00,Item 4,67
03-09-2019 00:00,Item 4,105
04-09-2019 00:00,Item 4,127
05-09-2019 00:00,Item 4,117
06-09-2019 00:00,Item 4,105
07-09-2019 00:00,Item 4,113
08-09-2019 00:00,Item 4,89
09-09-2019 00:00,Item 4,111
10-09-2019 00:00,Item 4,84
11-09-2019 00:00,Item 4,125
12-09-2019 00:00,Item 4,132
13-09-2019 00:00,Item 4,110
14-09-2019 00:00,Item 4,99
15-09-2019 00:00,Item 4,124
16-09-2019 00:00,Item 4,122
17-09-2019 00:00,Item 4,98
18-09-2019 00:00,Item 4,80
19-09-2019 00:00,Item 4,115
20-09-2019 00:00,Item 4,67
21-09-2019 00:00,Item 4,126
22-09-2019 00:00,Item 4,90
23-09-2019 00:00,Item 4,97
24-09-2019 00:00,Item 4,108
25-09-2019 00:00,Item 4,104
26-09-2019 00:00,Item 4,107
27-09-2019 00:00,Item 4,119
28-09-2019 00:00,Item 4,99
29-09-2019 00:00,Item 4,103
30-09-2019 00:00,Item 4,108
01-10-2019 00:00,Item 4,138
02-10-2019 00:00,Item 4,176
03-10-2019 00:00,Item 4,156
04-10-2019 00:00,Item 4,116
05-10-2019 00:00,Item 4,152
06-10-2019 00:00,Item 4,120
07-10-2019 00:00,Item 4,142
08-10-2019 00:00,Item 4,123
09-10-2019 00:00,Item 4,131
10-10-2019 00:00,Item 4,175
11-10-2019 00:00,Item 4,145
12-10-2019 00:00,Item 4,161
13-10-2019 00:00,Item 4,151
14-10-2019 00:00,Item 4,130
15-10-2019 00:00,Item 4,130
16-10-2019 00:00,Item 4,138
17-10-2019 00:00,Item 4,171
18-10-2019 00:00,Item 4,147
19-10-2019 00:00,Item 4,80
20-10-2019 00:00,Item 4,113
21-10-2019 00:00,Item 4,108
22-10-2019 00:00,Item 4,170
23-10-2019 00:00,Item 4,154
24-10-2019 00:00,Item 4,148
25-10-2019 00:00,Item 4,158
26-10-2019 00:00,Item 4,119
27-10-2019 00:00,Item 4,134
28-10-2019 00:00,Item 4,110
29-10-2019 00:00,Item 4,134
30-10-2019 00:00,Item 4,127
31-10-2019 00:00,Item 4,144
01-11-2019 00:00,Item 4,126
02-11-2019 00:00,Item 4,140
03-11-2019 00:00,Item 4,136
04-11-2019 00:00,Item 4,148
05-11-2019 00:00,Item 4,130
06-11-2019 00:00,Item 4,141
07-11-2019 00:00,Item 4,161
08-11-2019 00:00,Item 4,190
09-11-2019 00:00,Item 4,132
10-11-2019 00:00,Item 4,128
11-11-2019 00:00,Item 4,135
12-11-2019 00:00,Item 4,179
13-11-2019 00:00,Item 4,116
14-11-2019 00:00,Item 4,136
15-11-2019 00:00,Item 4,178
16-11-2019 00:00,Item 4,141
17-11-2019 00:00,Item 4,100
18-11-2019 00:00,Item 4,118
19-11-2019 00:00,Item 4,159
20-11-2019 00:00,Item 4,129
21-11-2019 00:00,Item 4,128
22-11-2019 00:00,Item 4,142
23-11-2019 00:00,Item 4,159
24-11-2019 00:00,Item 4,154
25-11-2019 00:00,Item 4,129
26-11-2019 00:00,Item 4,166
27-11-2019 00:00,Item 4,174
28-11-2019 00:00,Item 4,118
29-11-2019 00:00,Item 4,138
30-11-2019 00:00,Item 4,166
01-12-2019 00:00,Item 4,128
02-12-2019 00:00,Item 4,140
03-12-2019 00:00,Item 4,160
04-12-2019 00:00,Item 4,146
05-12-2019 00:00,Item 4,196
06-12-2019 00:00,Item 4,135
07-12-2019 00:00,Item 4,122
08-12-2019 00:00,Item 4,153
09-12-2019 00:00,Item 4,102
10-12-2019 00:00,Item 4,161
11-12-2019 00:00,Item 4,173
12-12-2019 00:00,Item 4,181
13-12-2019 00:00,Item 4,160
14-12-2019 00:00,Item 4,168
15-12-2019 00:00,Item 4,169
16-12-2019 00:00,Item 4,140
17-12-2019 00:00,Item 4,187
18-12-2019 00:00,Item 4,119
19-12-2019 00:00,Item 4,128
20-12-2019 00:00,Item 4,154
21-12-2019 00:00,Item 4,143
22-12-2019 00:00,Item 4,136
23-12-2019 00:00,Item 4,127
24-12-2019 00:00,Item 4,142
25-12-2019 00:00,Item 4,148
26-12-2019 00:00,Item 4,152
27-12-2019 00:00,Item 4,158
28-12-2019 00:00,Item 4,171
29-12-2019 00:00,Item 4,139
30-12-2019 00:00,Item 4,187
31-12-2019 00:00,Item 4,140
01-01-2020 00:00,Item 4,89
02-01-2020 00:00,Item 4,93
03-01-2020 00:00,Item 4,104
04-01-2020 00:00,Item 4,88
05-01-2020 00:00,Item 4,112
06-01-2020 00:00,Item 4,117
07-01-2020 00:00,Item 4,87
08-01-2020 00:00,Item 4,104
09-01-2020 00:00,Item 4,84
10-01-2020 00:00,Item 4,111
11-01-2020 00:00,Item 4,104
12-01-2020 00:00,Item 4,83
13-01-2020 00:00,Item 4,79
14-01-2020 00:00,Item 4,113
15-01-2020 00:00,Item 4,89
16-01-2020 00:00,Item 4,110
17-01-2020 00:00,Item 4,83
18-01-2020 00:00,Item 4,108
19-01-2020 00:00,Item 4,107
20-01-2020 00:00,Item 4,106
21-01-2020 00:00,Item 4,139
22-01-2020 00:00,Item 4,136
23-01-2020 00:00,Item 4,102
24-01-2020 00:00,Item 4,132
25-01-2020 00:00,Item 4,97
26-01-2020 00:00,Item 4,122
27-01-2020 00:00,Item 4,153
28-01-2020 00:00,Item 4,96
29-01-2020 00:00,Item 4,126
30-01-2020 00:00,Item 4,101
31-01-2020 00:00,Item 4,119
01-02-2020 00:00,Item 4,117
02-02-2020 00:00,Item 4,105
03-02-2020 00:00,Item 4,98
04-02-2020 00:00,Item 4,115
05-02-2020 00:00,Item 4,124
06-02-2020 00:00,Item 4,91
07-02-2020 00:00,Item 4,99
08-02-2020 00:00,Item 4,94
09-02-2020 00:00,Item 4,119
10-02-2020 00:00,Item 4,108
11-02-2020 00:00,Item 4,102
12-02-2020 00:00,Item 4,103
13-02-2020 00:00,Item 4,102
14-02-2020 00:00,Item 4,100
15-02-2020 00:00,Item 4,71
16-02-2020 00:00,Item 4,118
17-02-2020 00:00,Item 4,120
18-02-2020 00:00,Item 4,81
19-02-2020 00:00,Item 4,100
20-02-2020 00:00,Item 4,91
21-02-2020 00:00,Item 4,106
22-02-2020 00:00,Item 4,100
23-02-2020 00:00,Item 4,109
24-02-2020 00:00,Item 4,84
25-02-2020 00:00,Item 4,119
26-02-2020 00:00,Item 4,134
27-02-2020 00:00,Item 4,129
28-02-2020 00:00,Item 4,95
29-02-2020 00:00,Item 4,95
01-03-2020 00:00,Item 4,102
02-03-2020 00:00,Item 4,116
03-03-2020 00:00,Item 4,98
04-03-2020 00:00,Item 4,123
05-03-2020 00:00,Item 4,90
06-03-2020 00:00,Item 4,89
07-03-2020 00:00,Item 4,149
08-03-2020 00:00,Item 4,128
09-03-2020 00:00,Item 4,104
10-03-2020 00:00,Item 4,116
11-03-2020 00:00,Item 4,111
12-03-2020 00:00,Item 4,123
13-03-2020 00:00,Item 4,104
14-03-2020 00:00,Item 4,96
15-03-2020 00:00,Item 4,103
16-03-2020 00:00,Item 4,114
17-03-2020 00:00,Item 4,102
18-03-2020 00:00,Item 4,94
19-03-2020 00:00,Item 4,97
20-03-2020 00:00,Item 4,100
21-03-2020 00:00,Item 4,107
22-03-2020 00:00,Item 4,101
23-03-2020 00:00,Item 4,104
24-03-2020 00:00,Item 4,118
25-03-2020 00:00,Item 4,112
26-03-2020 00:00,Item 4,95
27-03-2020 00:00,Item 4,113
28-03-2020 00:00,Item 4,125
29-03-2020 00:00,Item 4,98
30-03-2020 00:00,Item 4,108
31-03-2020 00:00,Item 4,118
01-04-2020 00:00,Item 4,96
02-04-2020 00:00,Item 4,113
03-04-2020 00:00,Item 4,106
04-04-2020 00:00,Item 4,108
05-04-2020 00:00,Item 4,111
06-04-2020 00:00,Item 4,121
07-04-2020 00:00,Item 4,114
08-04-2020 00:00,Item 4,102
09-04-2020 00:00,Item 4,95
10-04-2020 00:00,Item 4,114
11-04-2020 00:00,Item 4,100
12-04-2020 00:00,Item 4,116
13-04-2020 00:00,Item 4,126
14-04-2020 00:00,Item 4,123
15-04-2020 00:00,Item 4,114
16-04-2020 00:00,Item 4,108
17-04-2020 00:00,Item 4,101
18-04-2020 00:00,Item 4,90
19-04-2020 00:00,Item 4,104
20-04-2020 00:00,Item 4,91
21-04-2020 00:00,Item 4,131
22-04-2020 00:00,Item 4,115
23-04-2020 00:00,Item 4,103
24-04-2020 00:00,Item 4,139
25-04-2020 00:00,Item 4,94
26-04-2020 00:00,Item 4,87
27-04-2020 00:00,Item 4,103
28-04-2020 00:00,Item 4,123
29-04-2020 00:00,Item 4,122
30-04-2020 00:00,Item 4,117
01-05-2020 00:00,Item 4,78
02-05-2020 00:00,Item 4,110
03-05-2020 00:00,Item 4,124
04-05-2020 00:00,Item 4,104
05-05-2020 00:00,Item 4,115
06-05-2020 00:00,Item 4,132
07-05-2020 00:00,Item 4,135
08-05-2020 00:00,Item 4,121
09-05-2020 00:00,Item 4,120
10-05-2020 00:00,Item 4,111
11-05-2020 00:00,Item 4,113
12-05-2020 00:00,Item 4,107
13-05-2020 00:00,Item 4,76
14-05-2020 00:00,Item 4,109
15-05-2020 00:00,Item 4,90
16-05-2020 00:00,Item 4,127
17-05-2020 00:00,Item 4,92
18-05-2020 00:00,Item 4,124
19-05-2020 00:00,Item 4,67
20-05-2020 00:00,Item 4,94
21-05-2020 00:00,Item 4,60
22-05-2020 00:00,Item 4,93
23-05-2020 00:00,Item 4,114
24-05-2020 00:00,Item 4,79
25-05-2020 00:00,Item 4,113
26-05-2020 00:00,Item 4,110
27-05-2020 00:00,Item 4,59
28-05-2020 00:00,Item 4,80
29-05-2020 00:00,Item 4,94
30-05-2020 00:00,Item 4,87
31-05-2020 00:00,Item 4,163
01-06-2020 00:00,Item 4,105
02-06-2020 00:00,Item 4,90
03-06-2020 00:00,Item 4,83
04-06-2020 00:00,Item 4,103
05-06-2020 00:00,Item 4,96
06-06-2020 00:00,Item 4,95
07-06-2020 00:00,Item 4,119
08-06-2020 00:00,Item 4,107
09-06-2020 00:00,Item 4,93
10-06-2020 00:00,Item 4,97
11-06-2020 00:00,Item 4,121
12-06-2020 00:00,Item 4,116
13-06-2020 00:00,Item 4,108
14-06-2020 00:00,Item 4,97
15-06-2020 00:00,Item 4,106
16-06-2020 00:00,Item 4,110
17-06-2020 00:00,Item 4,89
18-06-2020 00:00,Item 4,125
19-06-2020 00:00,Item 4,113
20-06-2020 00:00,Item 4,116
21-06-2020 00:00,Item 4,123
22-06-2020 00:00,Item 4,129
23-06-2020 00:00,Item 4,125
24-06-2020 00:00,Item 4,111
25-06-2020 00:00,Item 4,120
26-06-2020 00:00,Item 4,124
27-06-2020 00:00,Item 4,98
28-06-2020 00:00,Item 4,122
29-06-2020 00:00,Item 4,94
30-06-2020 00:00,Item 4,92
01-07-2020 00:00,Item 4,79
02-07-2020 00:00,Item 4,120
03-07-2020 00:00,Item 4,95
04-07-2020 00:00,Item 4,101
05-07-2020 00:00,Item 4,77
06-07-2020 00:00,Item 4,110
07-07-2020 00:00,Item 4,93
08-07-2020 00:00,Item 4,121
09-07-2020 00:00,Item 4,100
10-07-2020 00:00,Item 4,121
11-07-2020 00:00,Item 4,88
12-07-2020 00:00,Item 4,150
13-07-2020 00:00,Item 4,112
14-07-2020 00:00,Item 4,112
15-07-2020 00:00,Item 4,93
16-07-2020 00:00,Item 4,110
17-07-2020 00:00,Item 4,97
18-07-2020 00:00,Item 4,120
19-07-2020 00:00,Item 4,122
20-07-2020 00:00,Item 4,119
21-07-2020 00:00,Item 4,96
22-07-2020 00:00,Item 4,94
23-07-2020 00:00,Item 4,102
24-07-2020 00:00,Item 4,101
01-01-2019 00:00,Item 5,1110
02-01-2019 00:00,Item 5,854
03-01-2019 00:00,Item 5,854
04-01-2019 00:00,Item 5,1122
05-01-2019 00:00,Item 5,925
06-01-2019 00:00,Item 5,662
07-01-2019 00:00,Item 5,1155
08-01-2019 00:00,Item 5,1063
09-01-2019 00:00,Item 5,1288
10-01-2019 00:00,Item 5,847
11-01-2019 00:00,Item 5,908
12-01-2019 00:00,Item 5,917
13-01-2019 00:00,Item 5,728
14-01-2019 00:00,Item 5,1101
15-01-2019 00:00,Item 5,858
16-01-2019 00:00,Item 5,949
17-01-2019 00:00,Item 5,1220
18-01-2019 00:00,Item 5,1162
19-01-2019 00:00,Item 5,989
20-01-2019 00:00,Item 5,888
21-01-2019 00:00,Item 5,966
22-01-2019 00:00,Item 5,746
23-01-2019 00:00,Item 5,1025
24-01-2019 00:00,Item 5,1206
25-01-2019 00:00,Item 5,824
26-01-2019 00:00,Item 5,1128
27-01-2019 00:00,Item 5,928
28-01-2019 00:00,Item 5,1126
29-01-2019 00:00,Item 5,1117
30-01-2019 00:00,Item 5,1211
31-01-2019 00:00,Item 5,1062
01-02-2019 00:00,Item 5,1086
02-02-2019 00:00,Item 5,939
03-02-2019 00:00,Item 5,1171
04-02-2019 00:00,Item 5,1153
05-02-2019 00:00,Item 5,1051
06-02-2019 00:00,Item 5,1343
07-02-2019 00:00,Item 5,987
08-02-2019 00:00,Item 5,1112
09-02-2019 00:00,Item 5,1071
10-02-2019 00:00,Item 5,926
11-02-2019 00:00,Item 5,1168
12-02-2019 00:00,Item 5,1119
13-02-2019 00:00,Item 5,987
14-02-2019 00:00,Item 5,1021
15-02-2019 00:00,Item 5,1006
16-02-2019 00:00,Item 5,1213
17-02-2019 00:00,Item 5,1004
18-02-2019 00:00,Item 5,770
19-02-2019 00:00,Item 5,1255
20-02-2019 00:00,Item 5,987
21-02-2019 00:00,Item 5,920
22-02-2019 00:00,Item 5,938
23-02-2019 00:00,Item 5,1254
24-02-2019 00:00,Item 5,1129
25-02-2019 00:00,Item 5,1076
26-02-2019 00:00,Item 5,1236
27-02-2019 00:00,Item 5,1110
28-02-2019 00:00,Item 5,1060
01-03-2019 00:00,Item 5,1302
02-03-2019 00:00,Item 5,1081
03-03-2019 00:00,Item 5,914
04-03-2019 00:00,Item 5,1057
05-03-2019 00:00,Item 5,1182
06-03-2019 00:00,Item 5,1093
07-03-2019 00:00,Item 5,1040
08-03-2019 00:00,Item 5,1059
09-03-2019 00:00,Item 5,942
10-03-2019 00:00,Item 5,868
11-03-2019 00:00,Item 5,1364
12-03-2019 00:00,Item 5,992
13-03-2019 00:00,Item 5,1025
14-03-2019 00:00,Item 5,842
15-03-2019 00:00,Item 5,1104
16-03-2019 00:00,Item 5,885
17-03-2019 00:00,Item 5,983
18-03-2019 00:00,Item 5,1140
19-03-2019 00:00,Item 5,1304
20-03-2019 00:00,Item 5,1118
21-03-2019 00:00,Item 5,1350
22-03-2019 00:00,Item 5,1109
23-03-2019 00:00,Item 5,1227
24-03-2019 00:00,Item 5,1093
25-03-2019 00:00,Item 5,1174
26-03-2019 00:00,Item 5,995
27-03-2019 00:00,Item 5,1121
28-03-2019 00:00,Item 5,989
29-03-2019 00:00,Item 5,1243
30-03-2019 00:00,Item 5,973
31-03-2019 00:00,Item 5,991
01-04-2019 00:00,Item 5,1154
02-04-2019 00:00,Item 5,946
03-04-2019 00:00,Item 5,972
04-04-2019 00:00,Item 5,873
05-04-2019 00:00,Item 5,1066
06-04-2019 00:00,Item 5,970
07-04-2019 00:00,Item 5,964
08-04-2019 00:00,Item 5,837
09-04-2019 00:00,Item 5,925
10-04-2019 00:00,Item 5,901
11-04-2019 00:00,Item 5,1001
12-04-2019 00:00,Item 5,757
13-04-2019 00:00,Item 5,1173
14-04-2019 00:00,Item 5,1110
15-04-2019 00:00,Item 5,827
16-04-2019 00:00,Item 5,1206
17-04-2019 00:00,Item 5,1135
18-04-2019 00:00,Item 5,877
19-04-2019 00:00,Item 5,880
20-04-2019 00:00,Item 5,946
21-04-2019 00:00,Item 5,1090
22-04-2019 00:00,Item 5,1053
23-04-2019 00:00,Item 5,858
24-04-2019 00:00,Item 5,992
25-04-2019 00:00,Item 5,980
26-04-2019 00:00,Item 5,882
27-04-2019 00:00,Item 5,1004
28-04-2019 00:00,Item 5,891
29-04-2019 00:00,Item 5,817
30-04-2019 00:00,Item 5,937
01-05-2019 00:00,Item 5,1473
02-05-2019 00:00,Item 5,1044
03-05-2019 00:00,Item 5,1266
04-05-2019 00:00,Item 5,1137
05-05-2019 00:00,Item 5,1170
06-05-2019 00:00,Item 5,1481
07-05-2019 00:00,Item 5,1519
08-05-2019 00:00,Item 5,1311
09-05-2019 00:00,Item 5,1233
10-05-2019 00:00,Item 5,1108
11-05-2019 00:00,Item 5,1339
12-05-2019 00:00,Item 5,1342
13-05-2019 00:00,Item 5,1287
14-05-2019 00:00,Item 5,1257
15-05-2019 00:00,Item 5,1509
16-05-2019 00:00,Item 5,1354
17-05-2019 00:00,Item 5,1555
18-05-2019 00:00,Item 5,1216
19-05-2019 00:00,Item 5,1756
20-05-2019 00:00,Item 5,1138
21-05-2019 00:00,Item 5,1380
22-05-2019 00:00,Item 5,1372
23-05-2019 00:00,Item 5,1613
24-05-2019 00:00,Item 5,1202
25-05-2019 00:00,Item 5,1267
26-05-2019 00:00,Item 5,1311
27-05-2019 00:00,Item 5,1655
28-05-2019 00:00,Item 5,1419
29-05-2019 00:00,Item 5,1236
30-05-2019 00:00,Item 5,1469
31-05-2019 00:00,Item 5,1363
01-06-2019 00:00,Item 5,1239
02-06-2019 00:00,Item 5,1064
03-06-2019 00:00,Item 5,1205
04-06-2019 00:00,Item 5,1375
05-06-2019 00:00,Item 5,1353
06-06-2019 00:00,Item 5,1176
07-06-2019 00:00,Item 5,1112
08-06-2019 00:00,Item 5,1627
09-06-2019 00:00,Item 5,1236
10-06-2019 00:00,Item 5,1127
11-06-2019 00:00,Item 5,1407
12-06-2019 00:00,Item 5,1193
13-06-2019 00:00,Item 5,1684
14-06-2019 00:00,Item 5,1422
15-06-2019 00:00,Item 5,1268
16-06-2019 00:00,Item 5,1332
17-06-2019 00:00,Item 5,1049
18-06-2019 00:00,Item 5,1540
19-06-2019 00:00,Item 5,1486
20-06-2019 00:00,Item 5,1020
21-06-2019 00:00,Item 5,1351
22-06-2019 00:00,Item 5,1302
23-06-2019 00:00,Item 5,1499
24-06-2019 00:00,Item 5,1364
25-06-2019 00:00,Item 5,1245
26-06-2019 00:00,Item 5,1179
27-06-2019 00:00,Item 5,1472
28-06-2019 00:00,Item 5,1221
29-06-2019 00:00,Item 5,974
30-06-2019 00:00,Item 5,1172
01-07-2019 00:00,Item 5,877
02-07-2019 00:00,Item 5,1560
03-07-2019 00:00,Item 5,1315
04-07-2019 00:00,Item 5,1287
05-07-2019 00:00,Item 5,1361
06-07-2019 00:00,Item 5,1140
07-07-2019 00:00,Item 5,1199
08-07-2019 00:00,Item 5,1310
09-07-2019 00:00,Item 5,1227
10-07-2019 00:00,Item 5,1357
11-07-2019 00:00,Item 5,1304
12-07-2019 00:00,Item 5,1648
13-07-2019 00:00,Item 5,1223
14-07-2019 00:00,Item 5,1064
15-07-2019 00:00,Item 5,1356
16-07-2019 00:00,Item 5,1016
17-07-2019 00:00,Item 5,1204
18-07-2019 00:00,Item 5,1130
19-07-2019 00:00,Item 5,1402
20-07-2019 00:00,Item 5,1417
21-07-2019 00:00,Item 5,1115
22-07-2019 00:00,Item 5,1249
23-07-2019 00:00,Item 5,1498
24-07-2019 00:00,Item 5,1339
25-07-2019 00:00,Item 5,1336
26-07-2019 00:00,Item 5,1246
27-07-2019 00:00,Item 5,1608
28-07-2019 00:00,Item 5,1271
29-07-2019 00:00,Item 5,1299
30-07-2019 00:00,Item 5,993
31-07-2019 00:00,Item 5,1270
01-08-2019 00:00,Item 5,1303
02-08-2019 00:00,Item 5,1210
03-08-2019 00:00,Item 5,1196
04-08-2019 00:00,Item 5,1500
05-08-2019 00:00,Item 5,1156
06-08-2019 00:00,Item 5,988
07-08-2019 00:00,Item 5,1243
08-08-2019 00:00,Item 5,1273
09-08-2019 00:00,Item 5,1381
10-08-2019 00:00,Item 5,1126
11-08-2019 00:00,Item 5,1266
12-08-2019 00:00,Item 5,1431
13-08-2019 00:00,Item 5,1587
14-08-2019 00:00,Item 5,1631
15-08-2019 00:00,Item 5,1380
16-08-2019 00:00,Item 5,1117
17-08-2019 00:00,Item 5,1296
18-08-2019 00:00,Item 5,1512
19-08-2019 00:00,Item 5,1044
20-08-2019 00:00,Item 5,1416
21-08-2019 00:00,Item 5,1442
22-08-2019 00:00,Item 5,1163
23-08-2019 00:00,Item 5,1317
24-08-2019 00:00,Item 5,1440
25-08-2019 00:00,Item 5,1573
26-08-2019 00:00,Item 5,1366
27-08-2019 00:00,Item 5,1032
28-08-2019 00:00,Item 5,1062
29-08-2019 00:00,Item 5,1105
30-08-2019 00:00,Item 5,1566
31-08-2019 00:00,Item 5,1448
01-09-2019 00:00,Item 5,1409
02-09-2019 00:00,Item 5,1310
03-09-2019 00:00,Item 5,1872
04-09-2019 00:00,Item 5,1550
05-09-2019 00:00,Item 5,1176
06-09-2019 00:00,Item 5,1677
07-09-2019 00:00,Item 5,1350
08-09-2019 00:00,Item 5,1191
09-09-2019 00:00,Item 5,1533
10-09-2019 00:00,Item 5,1539
11-09-2019 00:00,Item 5,1460
12-09-2019 00:00,Item 5,1473
13-09-2019 00:00,Item 5,1505
14-09-2019 00:00,Item 5,1507
15-09-2019 00:00,Item 5,1332
16-09-2019 00:00,Item 5,1464
17-09-2019 00:00,Item 5,1168
18-09-2019 00:00,Item 5,1103
19-09-2019 00:00,Item 5,1715
20-09-2019 00:00,Item 5,1341
21-09-2019 00:00,Item 5,1383
22-09-2019 00:00,Item 5,1187
23-09-2019 00:00,Item 5,1321
24-09-2019 00:00,Item 5,1152
25-09-2019 00:00,Item 5,1276
26-09-2019 00:00,Item 5,1517
27-09-2019 00:00,Item 5,1383
28-09-2019 00:00,Item 5,1487
29-09-2019 00:00,Item 5,1207
30-09-2019 00:00,Item 5,1690
01-10-2019 00:00,Item 5,1362
02-10-2019 00:00,Item 5,1309
03-10-2019 00:00,Item 5,1193
04-10-2019 00:00,Item 5,1187
05-10-2019 00:00,Item 5,1792
06-10-2019 00:00,Item 5,1227
07-10-2019 00:00,Item 5,1446
08-10-2019 00:00,Item 5,1086
09-10-2019 00:00,Item 5,1193
10-10-2019 00:00,Item 5,1186
11-10-2019 00:00,Item 5,1502
12-10-2019 00:00,Item 5,1110
13-10-2019 00:00,Item 5,1457
14-10-2019 00:00,Item 5,1499
15-10-2019 00:00,Item 5,932
16-10-2019 00:00,Item 5,846
17-10-2019 00:00,Item 5,1332
18-10-2019 00:00,Item 5,1039
19-10-2019 00:00,Item 5,1256
20-10-2019 00:00,Item 5,1361
21-10-2019 00:00,Item 5,1152
22-10-2019 00:00,Item 5,1237
23-10-2019 00:00,Item 5,1189
24-10-2019 00:00,Item 5,1314
25-10-2019 00:00,Item 5,1252
26-10-2019 00:00,Item 5,1271
27-10-2019 00:00,Item 5,1661
28-10-2019 00:00,Item 5,1076
29-10-2019 00:00,Item 5,956
30-10-2019 00:00,Item 5,1159
31-10-2019 00:00,Item 5,1520
01-11-2019 00:00,Item 5,1101
02-11-2019 00:00,Item 5,1226
03-11-2019 00:00,Item 5,1208
04-11-2019 00:00,Item 5,1097
05-11-2019 00:00,Item 5,1078
06-11-2019 00:00,Item 5,1184
07-11-2019 00:00,Item 5,1304
08-11-2019 00:00,Item 5,1096
09-11-2019 00:00,Item 5,1246
10-11-2019 00:00,Item 5,1203
11-11-2019 00:00,Item 5,1557
12-11-2019 00:00,Item 5,1100
13-11-2019 00:00,Item 5,1465
14-11-2019 00:00,Item 5,1300
15-11-2019 00:00,Item 5,1275
16-11-2019 00:00,Item 5,1197
17-11-2019 00:00,Item 5,1201
18-11-2019 00:00,Item 5,1005
19-11-2019 00:00,Item 5,1165
20-11-2019 00:00,Item 5,1379
21-11-2019 00:00,Item 5,1046
22-11-2019 00:00,Item 5,1371
23-11-2019 00:00,Item 5,1321
24-11-2019 00:00,Item 5,1152
25-11-2019 00:00,Item 5,1384
26-11-2019 00:00,Item 5,1150
27-11-2019 00:00,Item 5,790
28-11-2019 00:00,Item 5,1295
29-11-2019 00:00,Item 5,1366
30-11-2019 00:00,Item 5,1088
01-12-2019 00:00,Item 5,1532
02-12-2019 00:00,Item 5,1172
03-12-2019 00:00,Item 5,1026
04-12-2019 00:00,Item 5,1095
05-12-2019 00:00,Item 5,1030
06-12-2019 00:00,Item 5,1322
07-12-2019 00:00,Item 5,1326
08-12-2019 00:00,Item 5,1327
09-12-2019 00:00,Item 5,1487
10-12-2019 00:00,Item 5,1014
11-12-2019 00:00,Item 5,1259
12-12-2019 00:00,Item 5,1123
13-12-2019 00:00,Item 5,1255
14-12-2019 00:00,Item 5,1093
15-12-2019 00:00,Item 5,1309
16-12-2019 00:00,Item 5,1065
17-12-2019 00:00,Item 5,1089
18-12-2019 00:00,Item 5,847
19-12-2019 00:00,Item 5,1063
20-12-2019 00:00,Item 5,1404
21-12-2019 00:00,Item 5,1147
22-12-2019 00:00,Item 5,1122
23-12-2019 00:00,Item 5,1147
24-12-2019 00:00,Item 5,1218
25-12-2019 00:00,Item 5,1412
26-12-2019 00:00,Item 5,1386
27-12-2019 00:00,Item 5,1261
28-12-2019 00:00,Item 5,1252
29-12-2019 00:00,Item 5,1452
30-12-2019 00:00,Item 5,1280
31-12-2019 00:00,Item 5,1223
01-01-2020 00:00,Item 5,2518
02-01-2020 00:00,Item 5,2038
03-01-2020 00:00,Item 5,1877
04-01-2020 00:00,Item 5,2477
05-01-2020 00:00,Item 5,2228
06-01-2020 00:00,Item 5,2271
07-01-2020 00:00,Item 5,2107
08-01-2020 00:00,Item 5,2286
09-01-2020 00:00,Item 5,2605
10-01-2020 00:00,Item 5,2011
11-01-2020 00:00,Item 5,2371
12-01-2020 00:00,Item 5,2314
13-01-2020 00:00,Item 5,2116
14-01-2020 00:00,Item 5,1967
15-01-2020 00:00,Item 5,2519
16-01-2020 00:00,Item 5,2431
17-01-2020 00:00,Item 5,2118
18-01-2020 00:00,Item 5,2041
19-01-2020 00:00,Item 5,2967
20-01-2020 00:00,Item 5,2113
21-01-2020 00:00,Item 5,1605
22-01-2020 00:00,Item 5,1954
23-01-2020 00:00,Item 5,2427
24-01-2020 00:00,Item 5,2563
25-01-2020 00:00,Item 5,1771
26-01-2020 00:00,Item 5,1719
27-01-2020 00:00,Item 5,1755
28-01-2020 00:00,Item 5,2319
29-01-2020 00:00,Item 5,2184
30-01-2020 00:00,Item 5,2494
31-01-2020 00:00,Item 5,2428
01-02-2020 00:00,Item 5,2285
02-02-2020 00:00,Item 5,2157
03-02-2020 00:00,Item 5,2263
04-02-2020 00:00,Item 5,2190
05-02-2020 00:00,Item 5,2411
06-02-2020 00:00,Item 5,2434
07-02-2020 00:00,Item 5,2966
08-02-2020 00:00,Item 5,2484
09-02-2020 00:00,Item 5,2079
10-02-2020 00:00,Item 5,2862
11-02-2020 00:00,Item 5,2211
12-02-2020 00:00,Item 5,1771
13-02-2020 00:00,Item 5,2135
14-02-2020 00:00,Item 5,2663
15-02-2020 00:00,Item 5,2140
16-02-2020 00:00,Item 5,2173
17-02-2020 00:00,Item 5,1944
18-02-2020 00:00,Item 5,2172
19-02-2020 00:00,Item 5,2243
20-02-2020 00:00,Item 5,2354
21-02-2020 00:00,Item 5,2485
22-02-2020 00:00,Item 5,1795
23-02-2020 00:00,Item 5,2529
24-02-2020 00:00,Item 5,2124
25-02-2020 00:00,Item 5,2196
26-02-2020 00:00,Item 5,2410
27-02-2020 00:00,Item 5,3018
28-02-2020 00:00,Item 5,2267
29-02-2020 00:00,Item 5,2493
01-03-2020 00:00,Item 5,2254
02-03-2020 00:00,Item 5,2238
03-03-2020 00:00,Item 5,2629
04-03-2020 00:00,Item 5,2746
05-03-2020 00:00,Item 5,2221
06-03-2020 00:00,Item 5,2285
07-03-2020 00:00,Item 5,2148
08-03-2020 00:00,Item 5,2346
09-03-2020 00:00,Item 5,2660
10-03-2020 00:00,Item 5,2796
11-03-2020 00:00,Item 5,2432
12-03-2020 00:00,Item 5,1938
13-03-2020 00:00,Item 5,2805
14-03-2020 00:00,Item 5,2430
15-03-2020 00:00,Item 5,2456
16-03-2020 00:00,Item 5,1799
17-03-2020 00:00,Item 5,2295
18-03-2020 00:00,Item 5,2153
19-03-2020 00:00,Item 5,2230
20-03-2020 00:00,Item 5,2723
21-03-2020 00:00,Item 5,2907
22-03-2020 00:00,Item 5,2353
23-03-2020 00:00,Item 5,2453
24-03-2020 00:00,Item 5,2439
25-03-2020 00:00,Item 5,2337
26-03-2020 00:00,Item 5,2159
27-03-2020 00:00,Item 5,2530
28-03-2020 00:00,Item 5,2185
29-03-2020 00:00,Item 5,2266
30-03-2020 00:00,Item 5,2081
31-03-2020 00:00,Item 5,2420
01-04-2020 00:00,Item 5,2437
02-04-2020 00:00,Item 5,2509
03-04-2020 00:00,Item 5,1955
04-04-2020 00:00,Item 5,1811
05-04-2020 00:00,Item 5,1904
06-04-2020 00:00,Item 5,2328
07-04-2020 00:00,Item 5,2063
08-04-2020 00:00,Item 5,2727
09-04-2020 00:00,Item 5,2140
10-04-2020 00:00,Item 5,2046
11-04-2020 00:00,Item 5,2413
12-04-2020 00:00,Item 5,3081
13-04-2020 00:00,Item 5,2596
14-04-2020 00:00,Item 5,2228
15-04-2020 00:00,Item 5,1764
16-04-2020 00:00,Item 5,2240
17-04-2020 00:00,Item 5,2146
18-04-2020 00:00,Item 5,2523
19-04-2020 00:00,Item 5,3354
20-04-2020 00:00,Item 5,2336
21-04-2020 00:00,Item 5,2502
22-04-2020 00:00,Item 5,2948
23-04-2020 00:00,Item 5,2506
24-04-2020 00:00,Item 5,1729
25-04-2020 00:00,Item 5,1960
26-04-2020 00:00,Item 5,2133
27-04-2020 00:00,Item 5,2066
28-04-2020 00:00,Item 5,1928
29-04-2020 00:00,Item 5,2338
30-04-2020 00:00,Item 5,2434
01-05-2020 00:00,Item 5,2395
02-05-2020 00:00,Item 5,2467
03-05-2020 00:00,Item 5,1828
04-05-2020 00:00,Item 5,2883
05-05-2020 00:00,Item 5,2466
06-05-2020 00:00,Item 5,2443
07-05-2020 00:00,Item 5,2546
08-05-2020 00:00,Item 5,1809
09-05-2020 00:00,Item 5,2747
10-05-2020 00:00,Item 5,1996
11-05-2020 00:00,Item 5,2712
12-05-2020 00:00,Item 5,1992
13-05-2020 00:00,Item 5,3583
14-05-2020 00:00,Item 5,2713
15-05-2020 00:00,Item 5,2726
16-05-2020 00:00,Item 5,2154
17-05-2020 00:00,Item 5,2222
18-05-2020 00:00,Item 5,2850
19-05-2020 00:00,Item 5,2802
20-05-2020 00:00,Item 5,2681
21-05-2020 00:00,Item 5,2295
22-05-2020 00:00,Item 5,2549
23-05-2020 00:00,Item 5,2469
24-05-2020 00:00,Item 5,2472
25-05-2020 00:00,Item 5,2754
26-05-2020 00:00,Item 5,2425
27-05-2020 00:00,Item 5,2426
28-05-2020 00:00,Item 5,2284
29-05-2020 00:00,Item 5,2067
30-05-2020 00:00,Item 5,2250
31-05-2020 00:00,Item 5,2576
01-06-2020 00:00,Item 5,2649
02-06-2020 00:00,Item 5,2307
03-06-2020 00:00,Item 5,1969
04-06-2020 00:00,Item 5,2769
05-06-2020 00:00,Item 5,2203
06-06-2020 00:00,Item 5,2017
07-06-2020 00:00,Item 5,2057
08-06-2020 00:00,Item 5,2578
09-06-2020 00:00,Item 5,2492
10-06-2020 00:00,Item 5,2276
11-06-2020 00:00,Item 5,2350
12-06-2020 00:00,Item 5,2003
13-06-2020 00:00,Item 5,2414
14-06-2020 00:00,Item 5,2172
15-06-2020 00:00,Item 5,2668
16-06-2020 00:00,Item 5,2606
17-06-2020 00:00,Item 5,3013
18-06-2020 00:00,Item 5,1911
19-06-2020 00:00,Item 5,2408
20-06-2020 00:00,Item 5,1743
21-06-2020 00:00,Item 5,2125
22-06-2020 00:00,Item 5,2538
23-06-2020 00:00,Item 5,2286
24-06-2020 00:00,Item 5,1921
25-06-2020 00:00,Item 5,2067
26-06-2020 00:00,Item 5,2309
27-06-2020 00:00,Item 5,2582
28-06-2020 00:00,Item 5,2195
29-06-2020 00:00,Item 5,2071
30-06-2020 00:00,Item 5,2795
01-07-2020 00:00,Item 5,2586
02-07-2020 00:00,Item 5,2112
03-07-2020 00:00,Item 5,2228
04-07-2020 00:00,Item 5,2321
05-07-2020 00:00,Item 5,2222
06-07-2020 00:00,Item 5,2261
07-07-2020 00:00,Item 5,2361
08-07-2020 00:00,Item 5,2528
09-07-2020 00:00,Item 5,2129
10-07-2020 00:00,Item 5,2146
11-07-2020 00:00,Item 5,2610
12-07-2020 00:00,Item 5,2644
13-07-2020 00:00,Item 5,2328
14-07-2020 00:00,Item 5,2389
15-07-2020 00:00,Item 5,2374
16-07-2020 00:00,Item 5,2108
17-07-2020 00:00,Item 5,2301
18-07-2020 00:00,Item 5,2470
19-07-2020 00:00,Item 5,2010
20-07-2020 00:00,Item 5,2389
21-07-2020 00:00,Item 5,2226
22-07-2020 00:00,Item 5,2376
23-07-2020 00:00,Item 5,2161
24-07-2020 00:00,Item 5,2022
